title,doctor_url,specialization,kraj,okres
"Pneumologicko-ftizeologická ambulancia, Bratislava-Karlova Ves, (Poliklinika Karlova Ves)",https://www.e-vuc.sk/bsk/zdravotnictvo/ambulantne-zdravotnicke-zariadenia/bratislava-iv/pneumologicko-ftizeologicka-ambulancia-bratislava-karlova-ves-poliklinika-karlova-ves.html?page_id=143795, Pneumológia a ftizeológia,Bratislavsky Kraj,Bratislava 4
"Špecializovaná detská kožná ambulancia, Bratislava-Lamač, (DERMAkid s.r.o.)",https://www.e-vuc.sk/bsk/zdravotnictvo/ambulantne-zdravotnicke-zariadenia/bratislava-iv/specializovana-detska-kozna-ambulancia-bratislava-lamac-dermakid.html?page_id=143713, Dermatovenerológia,Bratislavsky Kraj,Bratislava 4
"Ambulancia zubného lekárstva, MUDr. Eva Veselá, Bratislava-Lamač, (Vesedent s. r. o.)",https://www.e-vuc.sk/bsk/zdravotnictvo/ambulantne-zdravotnicke-zariadenia/bratislava-iv/ambulancia-zubneho-lekarstva-mudr.-eva-vesela-bratislava-lamac-vesedent-s.-r.-o..html?page_id=143397, Zubné lekárstvo,Bratislavsky Kraj,Bratislava 4
"Ambulancia čeľustnej ortopédie, MUDr. Eva Veselá, Bratislava-Lamač, (Vesedent s. r. o.)",https://www.e-vuc.sk/bsk/zdravotnictvo/ambulantne-zdravotnicke-zariadenia/bratislava-iv/ambulancia-celustnej-ortopedie-mudr.-eva-vesela-bratislava-lamac-vesedent-s.-r.-o..html?page_id=143398, čeľustná ortopédia,Bratislavsky Kraj,Bratislava 4
"Ambulancia zubného lekárstva, MDDr. Veronika Csemanová, Bratislava-Dúbravka, (STOMAKODENT s. r. o.)",https://www.e-vuc.sk/bsk/zdravotnictvo/ambulantne-zdravotnicke-zariadenia/bratislava-iv/ambulancia-zubneho-lekarstva-mddr.-veronika-csemanova-bratislava-dubravka-stomakodent-s.-r.-o..html?page_id=143322, Zubné lekárstvo,Bratislavsky Kraj,Bratislava 4
"Ambulancia zubného lekárstva, MDDr. Veronika Csemanová, Bratislava-Dúbravka, (STOMAKODENT s. r. o.)",https://www.e-vuc.sk/bsk/zdravotnictvo/ambulantne-zdravotnicke-zariadenia/bratislava-iv/ambulancia-zubneho-lekarstva-mddr.-veronika-csemanova-bratislava-dubravka-stomakodent-s.-r.-o.-1.html?page_id=143323, Zubné lekárstvo,Bratislavsky Kraj,Bratislava 4
"Ambulancia zubného lekárstva, Bratislava-Karlova Ves, (DENTARIUS s.r.o.)",https://www.e-vuc.sk/bsk/zdravotnictvo/ambulantne-zdravotnicke-zariadenia/bratislava-iv/ambulancia-zubneho-lekarstva-bratislava-karlova-ves-dentarius-2.html?page_id=142752, Zubné lekárstvo,Bratislavsky Kraj,Bratislava 4
"Ambulancia zubného lekárstva, Bratislava-Karlova Ves, (DENTARIUS s.r.o.)",https://www.e-vuc.sk/bsk/zdravotnictvo/ambulantne-zdravotnicke-zariadenia/bratislava-iv/ambulancia-zubneho-lekarstva-bratislava-karlova-ves-dentarius.html?page_id=142750, Zubné lekárstvo,Bratislavsky Kraj,Bratislava 4
"Ambulancia zubného lekárstva, Bratislava-Karlova Ves, (DENTARIUS s.r.o.)",https://www.e-vuc.sk/bsk/zdravotnictvo/ambulantne-zdravotnicke-zariadenia/bratislava-iv/ambulancia-zubneho-lekarstva-bratislava-karlova-ves-dentarius-1.html?page_id=142751, Zubné lekárstvo,Bratislavsky Kraj,Bratislava 4
"Oftalmologická ambulancia, Bratislava-Karlova Ves, (Klinika MDR, s.r.o.)",https://www.e-vuc.sk/bsk/zdravotnictvo/ambulantne-zdravotnicke-zariadenia/bratislava-iv/oftalmologicka-ambulancia-bratislava-karlova-ves-klinika-mdr.html?page_id=142696, Oftalmológia,Bratislavsky Kraj,Bratislava 4
"Otorinolaryngologická ambulancia, Bratislava-Karlova Ves, (Klinika MDR, s.r.o.)",https://www.e-vuc.sk/bsk/zdravotnictvo/ambulantne-zdravotnicke-zariadenia/bratislava-iv/otorinolaryngologicka-ambulancia-bratislava-karlova-ves-klinika-mdr.html?page_id=142697, Otorinolaryngológia,Bratislavsky Kraj,Bratislava 4
"Pneumologicko-ftizeologická ambulancia, Bratislava-Karlova Ves, (Klinika MDR, s.r.o.)",https://www.e-vuc.sk/bsk/zdravotnictvo/ambulantne-zdravotnicke-zariadenia/bratislava-iv/pneumologicko-ftizeologicka-ambulancia-bratislava-karlova-ves-klinika-mdr.html?page_id=142698, Pneumológia a ftizeológia,Bratislavsky Kraj,Bratislava 4
"SVaLZ, fyziatria, balneológia a liečebná rehabilitácia, Bratislava-Karlova Ves, (Klinika MDR, s.r.o.)",https://www.e-vuc.sk/bsk/zdravotnictvo/ambulantne-zdravotnicke-zariadenia/bratislava-iv/svalz-fyziatria-balneologia-a-liecebna-rehabilitacia-bratislava-karlova-ves-klinika-mdr.html?page_id=142699," Fyziatria, balneológia a liečebná rehabilitácia",Bratislavsky Kraj,Bratislava 4
"Ambulancia fyziatrie, balneológie a liečebnej rehabilitácie, Bratislava-Karlova Ves, (Klinika MDR, s.r.o.)",https://www.e-vuc.sk/bsk/zdravotnictvo/ambulantne-zdravotnicke-zariadenia/bratislava-iv/ambulancia-fyziatrie-balneologie-a-liecebnej-rehabilitacie-bratislava-karlova-ves-klinika-mdr.html?page_id=142695," Fyziatria, balneológia a liečebná rehabilitácia",Bratislavsky Kraj,Bratislava 4
"Ambulancia zubného lekárstva, Bratislava-Lamač, (MUDr. Jana Straková, s.r.o.)",https://www.e-vuc.sk/bsk/zdravotnictvo/ambulantne-zdravotnicke-zariadenia/bratislava-iv/ambulancia-zubneho-lekarstva-bratislava-lamac-mudr.-jana-strakova.html?page_id=142610, Zubné lekárstvo,Bratislavsky Kraj,Bratislava 4
"Ambulancia klinickej psychológie, Bratislava-Záhor.Bystr., (Junior Psyche s.r.o.)",https://www.e-vuc.sk/bsk/zdravotnictvo/ambulantne-zdravotnicke-zariadenia/bratislava-iv/ambulancia-klinickej-psychologie-bratislava-zahor.bystr.-junior-psyche.html?page_id=142521," Klinická psychológia, Psychoterapia",Bratislavsky Kraj,Bratislava 4
"Všeobecná ambulancia pre dospelých, Bratislava-Karlova Ves, (DAMED s.r.o.)",https://www.e-vuc.sk/bsk/zdravotnictvo/ambulantne-zdravotnicke-zariadenia/bratislava-iv/vseobecna-ambulancia-pre-dospelych-bratislava-karlova-ves-damed.html?page_id=142471, Všeobecné lekárstvo,Bratislavsky Kraj,Bratislava 4
"SVaLZ, hematológia a transfuziológia, Bratislava-Karlova Ves, (synlab slovakia s. r. o.)",https://www.e-vuc.sk/bsk/zdravotnictvo/ambulantne-zdravotnicke-zariadenia/bratislava-iv/svalz-hematologia-a-transfuziologia-bratislava-karlova-ves-synlab-slovakia-s.-r.-o..html?page_id=142293, Hematológia a transfuziológia,Bratislavsky Kraj,Bratislava 4
"SVaLZ, klinická biochémia, Bratislava-Karlova Ves, (synlab slovakia s. r. o.)",https://www.e-vuc.sk/bsk/zdravotnictvo/ambulantne-zdravotnicke-zariadenia/bratislava-iv/svalz-klinicka-biochemia-bratislava-karlova-ves-synlab-slovakia-s.-r.-o..html?page_id=142290, Klinická biochémia,Bratislavsky Kraj,Bratislava 4
"SVaLZ, klinická mikrobiológia, Bratislava-Karlova Ves, (synlab slovakia s. r. o.)",https://www.e-vuc.sk/bsk/zdravotnictvo/ambulantne-zdravotnicke-zariadenia/bratislava-iv/svalz-klinicka-mikrobiologia-bratislava-karlova-ves-synlab-slovakia-s.-r.-o..html?page_id=142291, Klinická mikrobiológia,Bratislavsky Kraj,Bratislava 4
"SVaLZ, klinická imunológia a alergológia, Bratislava-Karlova Ves, (synlab slovakia s. r. o.)",https://www.e-vuc.sk/bsk/zdravotnictvo/ambulantne-zdravotnicke-zariadenia/bratislava-iv/svalz-klinicka-imunologia-a-alergologia-bratislava-karlova-ves-synlab-slovakia-s.-r.-o..html?page_id=142292, Klinická imunológia a alergológia,Bratislavsky Kraj,Bratislava 4
"Oftalmologická ambulancia, MUDr. Katarína Dlouhá, Bratislava-Dúbravka, (K&M Bratislava s.r.o.)",https://www.e-vuc.sk/bsk/zdravotnictvo/ambulantne-zdravotnicke-zariadenia/bratislava-iv/oftalmologicka-ambulancia-mudr.-katarina-dlouha-bratislava-dubravka-km-bratislava.html?page_id=142172, Oftalmológia,Bratislavsky Kraj,Bratislava 4
"Kardiologická ambulancia, Bratislava-Karlova Ves, (Kardiovita s.r.o)",https://www.e-vuc.sk/bsk/zdravotnictvo/ambulantne-zdravotnicke-zariadenia/bratislava-iv/kardiologicka-ambulancia-bratislava-karlova-ves-kardiovita-s.r.o.html?page_id=141872, Kardiológia,Bratislavsky Kraj,Bratislava 4
"Ambulancia zubného lekárstva, Bratislava-Karlova Ves, (MKdentist s.r.o.)",https://www.e-vuc.sk/bsk/zdravotnictvo/ambulantne-zdravotnicke-zariadenia/bratislava-iv/ambulancia-zubneho-lekarstva-bratislava-karlova-ves-mkdentist.html?page_id=141856, Zubné lekárstvo,Bratislavsky Kraj,Bratislava 4
"Ambulancia zubného lekárstva, Bratislava-Karlova Ves, (MKdentist s.r.o.)",https://www.e-vuc.sk/bsk/zdravotnictvo/ambulantne-zdravotnicke-zariadenia/bratislava-iv/ambulancia-zubneho-lekarstva-bratislava-karlova-ves-mkdentist-1.html?page_id=141857, Zubné lekárstvo,Bratislavsky Kraj,Bratislava 4
"Ambulancia dentálnej hygieny, Bratislava-Karlova Ves, (Katarína Marečková)",https://www.e-vuc.sk/bsk/zdravotnictvo/ambulantne-zdravotnicke-zariadenia/bratislava-iv/ambulancia-dentalnej-hygieny-bratislava-karlova-ves-katarina-mareckova.html?page_id=141854, Dentálna hygiena,Bratislavsky Kraj,Bratislava 4
"Ambulancia zubného lekárstva, Bratislava-Dúbravka, (Risorius dental care s.r.o.)",https://www.e-vuc.sk/bsk/zdravotnictvo/ambulantne-zdravotnicke-zariadenia/bratislava-iv/ambulancia-zubneho-lekarstva-bratislava-dubravka-risorius-dental-care-2.html?page_id=141786," Zubné lekárstvo, Dentoalveolárna chirurgia, Implantológia",Bratislavsky Kraj,Bratislava 4
"Ambulancia zubného lekárstva, Bratislava-Dúbravka, (Risorius dental care s.r.o.)",https://www.e-vuc.sk/bsk/zdravotnictvo/ambulantne-zdravotnicke-zariadenia/bratislava-iv/ambulancia-zubneho-lekarstva-bratislava-dubravka-risorius-dental-care-3.html?page_id=141787," Zubné lekárstvo, Dentoalveolárna chirurgia, Implantológia",Bratislavsky Kraj,Bratislava 4
"Ambulancia zubného lekárstva, Bratislava-Dúbravka, (Risorius dental care s.r.o.)",https://www.e-vuc.sk/bsk/zdravotnictvo/ambulantne-zdravotnicke-zariadenia/bratislava-iv/ambulancia-zubneho-lekarstva-bratislava-dubravka-risorius-dental-care-4.html?page_id=141788," Zubné lekárstvo, Dentoalveolárna chirurgia, Implantológia",Bratislavsky Kraj,Bratislava 4
"Jednodňová zdravotná starostlivosť, plastická chirurgia, Bratislava-Karlova Ves, (MOTIVON CLINIC, s.r.o.)",https://www.e-vuc.sk/bsk/zdravotnictvo/ambulantne-zdravotnicke-zariadenia/bratislava-iv/jednodnova-zdravotna-starostlivost-plasticka-chirurgia-bratislava-karlova-ves-motivon-clinic.html?page_id=141573, Plastická chirurgia,Bratislavsky Kraj,Bratislava 4
"Všeobecná ambulancia pre dospelých, Bratislava-Karlova Ves, (MEDICÍNSKE ZARIADENIE MLYNSKÁ DOLINA, s. r. o.)",https://www.e-vuc.sk/bsk/zdravotnictvo/ambulantne-zdravotnicke-zariadenia/bratislava-iv/vseobecna-ambulancia-pre-dospelych-bratislava-karlova-ves-medicinske-zariadenie-mlynska-dolina-s.-r.-o..html?page_id=141240, Všeobecné lekárstvo,Bratislavsky Kraj,Bratislava 4
"Jednodňová zdravotná starostlivosť, hepatológia, Bratislava-Karlova Ves, (MEDICÍNSKE ZARIADENIE MLYNSKÁ DOLINA, s. r. o.)",https://www.e-vuc.sk/bsk/zdravotnictvo/ambulantne-zdravotnicke-zariadenia/bratislava-iv/jednodnova-zdravotna-starostlivost-hepatologia-bratislava-karlova-ves-medicinske-zariadenie-mlynska-dolina-s.-r.-o..html?page_id=141241, Hepatológia,Bratislavsky Kraj,Bratislava 4
"Hepatologická ambulancia, Bratislava-Karlova Ves, (MEDICÍNSKE ZARIADENIE MLYNSKÁ DOLINA, s. r. o.)",https://www.e-vuc.sk/bsk/zdravotnictvo/ambulantne-zdravotnicke-zariadenia/bratislava-iv/hepatologicka-ambulancia-bratislava-karlova-ves-medicinske-zariadenie-mlynska-dolina-s.-r.-o..html?page_id=141239, Hepatológia,Bratislavsky Kraj,Bratislava 4
"Ambulancia pediatrickej gastroenterológie, hepatológie a výživy, Bratislava-Karlova Ves, (MEDICÍNSKE ZARIADENIE MLYNSKÁ DOLINA, s. r. o.)",https://www.e-vuc.sk/bsk/zdravotnictvo/ambulantne-zdravotnicke-zariadenia/bratislava-iv/ambulancia-pediatrickej-gastroenterologie-hepatologie-a-vyzivy-bratislava-karlova-ves-medicinske-zariadenie-mlynska-dolina-s.-r.-o..html?page_id=141238," Pediatrická gastroenterológia, hepatológia a výživa",Bratislavsky Kraj,Bratislava 4
"Chirurgická ambulancia, Bratislava-Dúbravka, (All 4 Health, s. r. o.)",https://www.e-vuc.sk/bsk/zdravotnictvo/ambulantne-zdravotnicke-zariadenia/bratislava-iv/chirurgicka-ambulancia-bratislava-dubravka-all-4-health-s.-r.-o..html?page_id=140925, Chirurgia,Bratislavsky Kraj,Bratislava 4
"Ambulancia vnútorného lekárstva, Bratislava-Dúbravka, (MEDIRA, s. r. o.)",https://www.e-vuc.sk/bsk/zdravotnictvo/ambulantne-zdravotnicke-zariadenia/bratislava-iv/ambulancia-vnutorneho-lekarstva-bratislava-dubravka-medira-s.-r.-o..html?page_id=140641, Vnútorné lekárstvo,Bratislavsky Kraj,Bratislava 4
"Ortopedická ambulancia, Bratislava-Karlova Ves, (Ortopédia JM s. r. o.)",https://www.e-vuc.sk/bsk/zdravotnictvo/ambulantne-zdravotnicke-zariadenia/bratislava-iv/ortopedicka-ambulancia-bratislava-karlova-ves-ortopedia-jm-s.-r.-o..html?page_id=140526, Ortopédia,Bratislavsky Kraj,Bratislava 4
"Všeobecná ambulancia pre deti a dorast, Andrea Husivargová, Bratislava-Karlova Ves, (Filii Sanus s. r. o.)",https://www.e-vuc.sk/bsk/zdravotnictvo/ambulantne-zdravotnicke-zariadenia/bratislava-iv/vseobecna-ambulancia-pre-deti-a-dorast-andrea-husivargova-bratislava-karlova-ves-filii-sanus-s.-r.-o..html?page_id=140412, Pediatria,Bratislavsky Kraj,Bratislava 4
"Ambulancia plastickej chirurgie, Bratislava-Karlova Ves, (MOTIVON CLINIC, s.r.o.)",https://www.e-vuc.sk/bsk/zdravotnictvo/ambulantne-zdravotnicke-zariadenia/bratislava-iv/ambulancia-plastickej-chirurgie-bratislava-karlova-ves-motivon-clinic.html?page_id=140337, Plastická chirurgia,Bratislavsky Kraj,Bratislava 4
"SVaLZ, fyzioterapia, Bratislava-Karlova Ves, (Mgr. Katarína Šulavíková)",https://www.e-vuc.sk/bsk/zdravotnictvo/ambulantne-zdravotnicke-zariadenia/bratislava-iv/svalz-fyzioterapia-bratislava-karlova-ves-mgr.-katarina-sulavikova.html?page_id=140260, Fyzioterapia,Bratislavsky Kraj,Bratislava 4
"Ambulancia vnútorného lekárstva, Bratislava-Dúbravka, (GEP SOLUTIONS, s. r. o.)",https://www.e-vuc.sk/bsk/zdravotnictvo/ambulantne-zdravotnicke-zariadenia/bratislava-iv/ambulancia-vnutorneho-lekarstva-bratislava-dubravka-gep-solutions-s.-r.-o..html?page_id=140145, Vnútorné lekárstvo,Bratislavsky Kraj,Bratislava 4
"Gastroenterologická ambulancia, Bratislava-Dúbravka, (GEP SOLUTIONS, s. r. o.)",https://www.e-vuc.sk/bsk/zdravotnictvo/ambulantne-zdravotnicke-zariadenia/bratislava-iv/gastroenterologicka-ambulancia-bratislava-dubravka-gep-solutions-s.-r.-o..html?page_id=140146, Gastroenterológia,Bratislavsky Kraj,Bratislava 4
"Ambulancia zubného lekárstva, Bratislava-Lamač, (MDDr. Peter Pecho)",https://www.e-vuc.sk/bsk/zdravotnictvo/ambulantne-zdravotnicke-zariadenia/bratislava-iv/ambulancia-zubneho-lekarstva-bratislava-lamac-mddr.-peter-pecho.html?page_id=137105, Zubné lekárstvo,Bratislavsky Kraj,Bratislava 4
"Jednodňová zdravotná starostlivosť, oftalmológia, Bratislava-Karlova Ves, (EXCIMER spol. s r.o.)",https://www.e-vuc.sk/bsk/zdravotnictvo/ambulantne-zdravotnicke-zariadenia/bratislava-iv/jednodnova-zdravotna-starostlivost-oftalmologia-bratislava-karlova-ves-excimer-spol.-s-r.o..html?page_id=136225, Oftalmológia,Bratislavsky Kraj,Bratislava 4
"Ambulancia vnútorného lekárstva, Bratislava-Dev.Nová Ves, (Euromedix, a.s.)",https://www.e-vuc.sk/bsk/zdravotnictvo/ambulantne-zdravotnicke-zariadenia/bratislava-iv/ambulancia-vnutorneho-lekarstva-bratislava-dev.nova-ves-euromedix-a.s..html?page_id=136164, Vnútorné lekárstvo,Bratislavsky Kraj,Bratislava 4
"SVaLZ, rádiológia, Bratislava-Dev.Nová Ves, (Euromedix, a.s.)",https://www.e-vuc.sk/bsk/zdravotnictvo/ambulantne-zdravotnicke-zariadenia/bratislava-iv/svalz-radiologia-bratislava-dev.nova-ves-euromedix-a.s..html?page_id=136142, Rádiológia,Bratislavsky Kraj,Bratislava 4
"SVaLZ, fyziatria, balneológia a liečebná rehabilitácia, Bratislava-Dev.Nová Ves, (Euromedix, a.s.)",https://www.e-vuc.sk/bsk/zdravotnictvo/ambulantne-zdravotnicke-zariadenia/bratislava-iv/svalz-fyziatria-balneologia-a-liecebna-rehabilitacia-bratislava-dev.nova-ves-euromedix-a.s..html?page_id=136143," Fyziatria, balneológia a liečebná rehabilitácia",Bratislavsky Kraj,Bratislava 4
"Všeobecná ambulancia pre dospelých, Bratislava-Dev.Nová Ves, (Euromedix, a.s.)",https://www.e-vuc.sk/bsk/zdravotnictvo/ambulantne-zdravotnicke-zariadenia/bratislava-iv/vseobecna-ambulancia-pre-dospelych-bratislava-dev.nova-ves-euromedix-a.s.-1.html?page_id=136140, Všeobecné lekárstvo,Bratislavsky Kraj,Bratislava 4
"Všeobecná ambulancia pre dospelých, Bratislava-Dev.Nová Ves, (Euromedix, a.s.)",https://www.e-vuc.sk/bsk/zdravotnictvo/ambulantne-zdravotnicke-zariadenia/bratislava-iv/vseobecna-ambulancia-pre-dospelych-bratislava-dev.nova-ves-euromedix-a.s..html?page_id=136141, Všeobecné lekárstvo,Bratislavsky Kraj,Bratislava 4
"Otorinolaryngologická ambulancia, Bratislava-Dev.Nová Ves, (Euromedix, a.s.)",https://www.e-vuc.sk/bsk/zdravotnictvo/ambulantne-zdravotnicke-zariadenia/bratislava-iv/otorinolaryngologicka-ambulancia-bratislava-dev.nova-ves-euromedix-a.s..html?page_id=136137, Otorinolaryngológia,Bratislavsky Kraj,Bratislava 4
"Poliklinika, Jána Jonáša , Bratislava-Dev.Nová Ves, (Euromedix, a.s.)",https://www.e-vuc.sk/bsk/zdravotnictvo/ambulantne-zdravotnicke-zariadenia/bratislava-iv/poliklinika-jana-jonasa-bratislava-dev.nova-ves-euromedix-a.s..html?page_id=136138,61-35946792-A0084,Bratislavsky Kraj,Bratislava 4
"Urologická ambulancia, Bratislava-Dev.Nová Ves, (Euromedix, a.s.)",https://www.e-vuc.sk/bsk/zdravotnictvo/ambulantne-zdravotnicke-zariadenia/bratislava-iv/urologicka-ambulancia-bratislava-dev.nova-ves-euromedix-a.s..html?page_id=136139, Urológia,Bratislavsky Kraj,Bratislava 4
"Neurologická ambulancia, Bratislava-Dev.Nová Ves, (Euromedix, a.s.)",https://www.e-vuc.sk/bsk/zdravotnictvo/ambulantne-zdravotnicke-zariadenia/bratislava-iv/neurologicka-ambulancia-bratislava-dev.nova-ves-euromedix-a.s..html?page_id=136134, Neurológia,Bratislavsky Kraj,Bratislava 4
"Oftalmologická ambulancia, Bratislava-Dev.Nová Ves, (Euromedix, a.s.)",https://www.e-vuc.sk/bsk/zdravotnictvo/ambulantne-zdravotnicke-zariadenia/bratislava-iv/oftalmologicka-ambulancia-bratislava-dev.nova-ves-euromedix-a.s..html?page_id=136135, Oftalmológia,Bratislavsky Kraj,Bratislava 4
"Ortopedická ambulancia, Bratislava-Dev.Nová Ves, (Euromedix, a.s.)",https://www.e-vuc.sk/bsk/zdravotnictvo/ambulantne-zdravotnicke-zariadenia/bratislava-iv/ortopedicka-ambulancia-bratislava-dev.nova-ves-euromedix-a.s..html?page_id=136136, Ortopédia,Bratislavsky Kraj,Bratislava 4
"Dermatovenerologická ambulancia, Bratislava-Dev.Nová Ves, (Euromedix, a.s.)",https://www.e-vuc.sk/bsk/zdravotnictvo/ambulantne-zdravotnicke-zariadenia/bratislava-iv/dermatovenerologicka-ambulancia-bratislava-dev.nova-ves-euromedix-a.s..html?page_id=136131, Dermatovenerológia,Bratislavsky Kraj,Bratislava 4
"Gynekologická ambulancia, Bratislava-Dev.Nová Ves, (Euromedix, a.s.)",https://www.e-vuc.sk/bsk/zdravotnictvo/ambulantne-zdravotnicke-zariadenia/bratislava-iv/gynekologicka-ambulancia-bratislava-dev.nova-ves-euromedix-a.s..html?page_id=136132, Gynekológia a pôrodníctvo,Bratislavsky Kraj,Bratislava 4
"Kardiologická ambulancia, Bratislava-Dev.Nová Ves, (Euromedix, a.s.)",https://www.e-vuc.sk/bsk/zdravotnictvo/ambulantne-zdravotnicke-zariadenia/bratislava-iv/kardiologicka-ambulancia-bratislava-dev.nova-ves-euromedix-a.s..html?page_id=136133, Kardiológia,Bratislavsky Kraj,Bratislava 4
"Ambulancia fyziatrie, balneológie a liečebnej rehabilitácie, Bratislava-Dev.Nová Ves, (Euromedix, a.s.)",https://www.e-vuc.sk/bsk/zdravotnictvo/ambulantne-zdravotnicke-zariadenia/bratislava-iv/ambulancia-fyziatrie-balneologie-a-liecebnej-rehabilitacie-bratislava-dev.nova-ves-euromedix-a.s..html?page_id=136129," Fyziatria, balneológia a liečebná rehabilitácia",Bratislavsky Kraj,Bratislava 4
"Ambulancia pracovného lekárstva, Bratislava-Dev.Nová Ves, (Euromedix, a.s.)",https://www.e-vuc.sk/bsk/zdravotnictvo/ambulantne-zdravotnicke-zariadenia/bratislava-iv/ambulancia-pracovneho-lekarstva-bratislava-dev.nova-ves-euromedix-a.s..html?page_id=136130," Pracovné lekárstvo, Klinické pracovné lekárstvo a klinická toxikológia",Bratislavsky Kraj,Bratislava 4
"Ambulancia zubného lekárstva, Bratislava-Dev.Nová Ves, (FINARES, spol. s r.o.)",https://www.e-vuc.sk/bsk/zdravotnictvo/ambulantne-zdravotnicke-zariadenia/bratislava-iv/ambulancia-zubneho-lekarstva-bratislava-dev.nova-ves-finares-spol.-s-r.o..html?page_id=136072, Zubné lekárstvo,Bratislavsky Kraj,Bratislava 4
"Ambulancia zubného lekárstva, Bratislava-Dev.Nová Ves, (FINARES, spol. s r.o.)",https://www.e-vuc.sk/bsk/zdravotnictvo/ambulantne-zdravotnicke-zariadenia/bratislava-iv/ambulancia-zubneho-lekarstva-bratislava-dev.nova-ves-finares-spol.-s-r.o.-1.html?page_id=136071, Zubné lekárstvo,Bratislavsky Kraj,Bratislava 4
"Ambulancia zubného lekárstva, Bratislava-Dúbravka, (Dream Dental Clinic s.r.o.)",https://www.e-vuc.sk/bsk/zdravotnictvo/ambulantne-zdravotnicke-zariadenia/bratislava-iv/ambulancia-zubneho-lekarstva-bratislava-dubravka-dream-dental-clinic-2.html?page_id=135934," Zubné lekárstvo, Dentoalveolárna chirurgia, Implantológia",Bratislavsky Kraj,Bratislava 4
"Ambulancia zubného lekárstva, Bratislava-Dúbravka, (Dream Dental Clinic s.r.o.)",https://www.e-vuc.sk/bsk/zdravotnictvo/ambulantne-zdravotnicke-zariadenia/bratislava-iv/ambulancia-zubneho-lekarstva-bratislava-dubravka-dream-dental-clinic.html?page_id=135935, Zubné lekárstvo,Bratislavsky Kraj,Bratislava 4
"Ambulancia zubného lekárstva, Bratislava-Dúbravka, (Dream Dental Clinic s.r.o.)",https://www.e-vuc.sk/bsk/zdravotnictvo/ambulantne-zdravotnicke-zariadenia/bratislava-iv/ambulancia-zubneho-lekarstva-bratislava-dubravka-dream-dental-clinic-1.html?page_id=135933," Zubné lekárstvo, Dentoalveolárna chirurgia, Implantológia",Bratislavsky Kraj,Bratislava 4
"ADOS, Plachého, Bratislava-Dúbravka, (Dúbravská oáza pokoja a oddychu n.o.)",https://www.e-vuc.sk/bsk/zdravotnictvo/ambulantne-zdravotnicke-zariadenia/bratislava-iv/ados-placheho-bratislava-dubravka-dubravska-oaza-pokoja-a-oddychu-n.o..html?page_id=135825, Domáca ošetrovateľská starostlivosť,Bratislavsky Kraj,Bratislava 4
"Oftalmologická ambulancia, Bratislava-Karlova Ves, (Lens Optik De Rossi, s.r.o.)",https://www.e-vuc.sk/bsk/zdravotnictvo/ambulantne-zdravotnicke-zariadenia/bratislava-iv/oftalmologicka-ambulancia-bratislava-karlova-ves-lens-optik-de-rossi.html?page_id=135671, Oftalmológia,Bratislavsky Kraj,Bratislava 4
"Všeobecná ambulancia pre deti a dorast, Bratislava-Lamač, (PEDIATER MC s.r.o.)",https://www.e-vuc.sk/bsk/zdravotnictvo/ambulantne-zdravotnicke-zariadenia/bratislava-iv/vseobecna-ambulancia-pre-deti-a-dorast-bratislava-lamac-pediater-mc.html?page_id=135642," Pediatria, Dorastové lekárstvo",Bratislavsky Kraj,Bratislava 4
"Jednodňová zdravotná starostlivosť, urológia, Bratislava-Karlova Ves, (MEDICÍNSKE ZARIADENIE MLYNSKÁ DOLINA, s. r. o.)",https://www.e-vuc.sk/bsk/zdravotnictvo/ambulantne-zdravotnicke-zariadenia/bratislava-iv/jednodnova-zdravotna-starostlivost-urologia-bratislava-karlova-ves-medicinske-zariadenie-mlynska-dolina-s.-r.-o..html?page_id=135639, Urológia,Bratislavsky Kraj,Bratislava 4
"Jednodňová zdravotná starostlivosť, gastroenterológia, Bratislava-Karlova Ves, (MEDICÍNSKE ZARIADENIE MLYNSKÁ DOLINA, s. r. o.)",https://www.e-vuc.sk/bsk/zdravotnictvo/ambulantne-zdravotnicke-zariadenia/bratislava-iv/jednodnova-zdravotna-starostlivost-gastroenterologia-bratislava-karlova-ves-medicinske-zariadenie-mlynska-dolina-s.-r.-o..html?page_id=135640, Gastroenterológia,Bratislavsky Kraj,Bratislava 4
"Psychiatrická ambulancia, Bratislava-Dúbravka, (NOVITA BRATISLAVA, s.r.o.)",https://www.e-vuc.sk/bsk/zdravotnictvo/ambulantne-zdravotnicke-zariadenia/bratislava-iv/psychiatricka-ambulancia-bratislava-dubravka-novita-bratislava.html?page_id=135087, Psychiatria,Bratislavsky Kraj,Bratislava 4
"Oftalmologická ambulancia, Bratislava-Dúbravka, (Oftalentis s.r.o.)",https://www.e-vuc.sk/bsk/zdravotnictvo/ambulantne-zdravotnicke-zariadenia/bratislava-iv/oftalmologicka-ambulancia-bratislava-dubravka-oftalentis.html?page_id=135072, Oftalmológia,Bratislavsky Kraj,Bratislava 4
"Všeobecná ambulancia pre dospelých, Bratislava-Dúbravka, (MEDIRA, s. r. o.)",https://www.e-vuc.sk/bsk/zdravotnictvo/ambulantne-zdravotnicke-zariadenia/bratislava-iv/vseobecna-ambulancia-pre-dospelych-bratislava-dubravka-medira-s.-r.-o..html?page_id=134889, Všeobecné lekárstvo,Bratislavsky Kraj,Bratislava 4
"SVaLZ, rádiológia, Bratislava-Dúbravka, (MEDIRA, s. r. o.)",https://www.e-vuc.sk/bsk/zdravotnictvo/ambulantne-zdravotnicke-zariadenia/bratislava-iv/svalz-radiologia-bratislava-dubravka-medira-s.-r.-o..html?page_id=134890, Rádiológia,Bratislavsky Kraj,Bratislava 4
"Ambulancia rýchlej zdravotnej pomoci, Bratislava - Dúbravka 2, (Záchranná zdravotná služba Bratislava)",https://www.e-vuc.sk/bsk/zdravotnictvo/ambulantne-zdravotnicke-zariadenia/bratislava-iv/ambulancia-rychlej-zdravotnej-pomoci-bratislava-dubravka-2-zachranna-zdravotna-sluzba-bratislava.html?page_id=134770, Rýchla zdravotná pomoc,Bratislavsky Kraj,Bratislava 4
"Ambulancia rýchlej zdravotnej pomoci, Bratislava - Karlova Ves 2, (Záchranná zdravotná služba Bratislava)",https://www.e-vuc.sk/bsk/zdravotnictvo/ambulantne-zdravotnicke-zariadenia/bratislava-iv/ambulancia-rychlej-zdravotnej-pomoci-bratislava-karlova-ves-2-zachranna-zdravotna-sluzba-bratislava.html?page_id=134767, Rýchla zdravotná pomoc,Bratislavsky Kraj,Bratislava 4
"Ambulancia rýchlej zdravotnej pomoci, Bratislava - Karlova Ves 1, (Záchranná zdravotná služba Bratislava)",https://www.e-vuc.sk/bsk/zdravotnictvo/ambulantne-zdravotnicke-zariadenia/bratislava-iv/ambulancia-rychlej-zdravotnej-pomoci-bratislava-karlova-ves-1-zachranna-zdravotna-sluzba-bratislava.html?page_id=134768, Rýchla zdravotná pomoc,Bratislavsky Kraj,Bratislava 4
"Ambulancia rýchlej lekárskej pomoci, Bratislava - Dúbravka 1, (Záchranná zdravotná služba Bratislava)",https://www.e-vuc.sk/bsk/zdravotnictvo/ambulantne-zdravotnicke-zariadenia/bratislava-iv/ambulancia-rychlej-lekarskej-pomoci-bratislava-dubravka-1-zachranna-zdravotna-sluzba-bratislava.html?page_id=134769, Rýchla lekárska pomoc,Bratislavsky Kraj,Bratislava 4
"SVaLZ, lekárska genetika, Bratislava-Karlova Ves, (GHC GENETICS SK, s. r. o.)",https://www.e-vuc.sk/bsk/zdravotnictvo/ambulantne-zdravotnicke-zariadenia/bratislava-iv/svalz-lekarska-genetika-bratislava-karlova-ves-ghc-genetics-sk-s.-r.-o..html?page_id=134635, Lekárska genetika,Bratislavsky Kraj,Bratislava 4
"Oftalmologická ambulancia, MUDr. Michaela Stehlíková, Bratislava-Karlova Ves, (Lamalens s. r. o.)",https://www.e-vuc.sk/bsk/zdravotnictvo/ambulantne-zdravotnicke-zariadenia/bratislava-iv/oftalmologicka-ambulancia-mudr.-michaela-stehlikova-bratislava-karlova-ves-lamalens-s.-r.-o..html?page_id=133104, Oftalmológia,Bratislavsky Kraj,Bratislava 4
"SVaLZ, fyzioterapia, Bratislava-Dúbravka, (Mgr. Ondrej Bečka)",https://www.e-vuc.sk/bsk/zdravotnictvo/ambulantne-zdravotnicke-zariadenia/bratislava-iv/svalz-fyzioterapia-bratislava-dubravka-mgr.-ondrej-becka.html?page_id=133024, Fyzioterapia,Bratislavsky Kraj,Bratislava 4
"SVaLZ, fyzioterapia, Bratislava-Dúbravka, (PhDr. Martin Gábor)",https://www.e-vuc.sk/bsk/zdravotnictvo/ambulantne-zdravotnicke-zariadenia/bratislava-iv/svalz-fyzioterapia-bratislava-dubravka-phdr.-martin-gabor.html?page_id=132991, Fyzioterapia,Bratislavsky Kraj,Bratislava 4
"Otorinolaryngologická ambulancia, Bratislava-Karlova Ves, (MEDICÍNSKE ZARIADENIE MLYNSKÁ DOLINA, s. r. o.)",https://www.e-vuc.sk/bsk/zdravotnictvo/ambulantne-zdravotnicke-zariadenia/bratislava-iv/otorinolaryngologicka-ambulancia-bratislava-karlova-ves-medicinske-zariadenie-mlynska-dolina-s.-r.-o..html?page_id=132678, Otorinolaryngológia,Bratislavsky Kraj,Bratislava 4
"Chirurgická ambulancia, Bratislava-Karlova Ves, (MEDICÍNSKE ZARIADENIE MLYNSKÁ DOLINA, s. r. o.)",https://www.e-vuc.sk/bsk/zdravotnictvo/ambulantne-zdravotnicke-zariadenia/bratislava-iv/chirurgicka-ambulancia-bratislava-karlova-ves-medicinske-zariadenie-mlynska-dolina-s.-r.-o..html?page_id=132672, Chirurgia,Bratislavsky Kraj,Bratislava 4
"Dermatovenerologická ambulancia, Bratislava-Karlova Ves, (MEDICÍNSKE ZARIADENIE MLYNSKÁ DOLINA, s. r. o.)",https://www.e-vuc.sk/bsk/zdravotnictvo/ambulantne-zdravotnicke-zariadenia/bratislava-iv/dermatovenerologicka-ambulancia-bratislava-karlova-ves-medicinske-zariadenie-mlynska-dolina-s.-r.-o..html?page_id=132673, Dermatovenerológia,Bratislavsky Kraj,Bratislava 4
"Gastroenterologická ambulancia, Bratislava-Karlova Ves, (MEDICÍNSKE ZARIADENIE MLYNSKÁ DOLINA, s. r. o.)",https://www.e-vuc.sk/bsk/zdravotnictvo/ambulantne-zdravotnicke-zariadenia/bratislava-iv/gastroenterologicka-ambulancia-bratislava-karlova-ves-medicinske-zariadenie-mlynska-dolina-s.-r.-o..html?page_id=132674, Gastroenterológia,Bratislavsky Kraj,Bratislava 4
"Gynekologická ambulancia, Bratislava-Karlova Ves, (MEDICÍNSKE ZARIADENIE MLYNSKÁ DOLINA, s. r. o.)",https://www.e-vuc.sk/bsk/zdravotnictvo/ambulantne-zdravotnicke-zariadenia/bratislava-iv/gynekologicka-ambulancia-bratislava-karlova-ves-medicinske-zariadenie-mlynska-dolina-s.-r.-o..html?page_id=132675, Gynekológia a pôrodníctvo,Bratislavsky Kraj,Bratislava 4
"Nefrologická ambulancia, Bratislava-Karlova Ves, (MEDICÍNSKE ZARIADENIE MLYNSKÁ DOLINA, s. r. o.)",https://www.e-vuc.sk/bsk/zdravotnictvo/ambulantne-zdravotnicke-zariadenia/bratislava-iv/nefrologicka-ambulancia-bratislava-karlova-ves-medicinske-zariadenie-mlynska-dolina-s.-r.-o..html?page_id=132676, Nefrológia,Bratislavsky Kraj,Bratislava 4
"Neurologická ambulancia, Bratislava-Karlova Ves, (MEDICÍNSKE ZARIADENIE MLYNSKÁ DOLINA, s. r. o.)",https://www.e-vuc.sk/bsk/zdravotnictvo/ambulantne-zdravotnicke-zariadenia/bratislava-iv/neurologicka-ambulancia-bratislava-karlova-ves-medicinske-zariadenie-mlynska-dolina-s.-r.-o..html?page_id=132677, Neurológia,Bratislavsky Kraj,Bratislava 4
"Ambulancia klinickej imunológie a alergológie, Bratislava-Karlova Ves, (MEDICÍNSKE ZARIADENIE MLYNSKÁ DOLINA, s. r. o.)",https://www.e-vuc.sk/bsk/zdravotnictvo/ambulantne-zdravotnicke-zariadenia/bratislava-iv/ambulancia-klinickej-imunologie-a-alergologie-bratislava-karlova-ves-medicinske-zariadenie-mlynska-dolina-s.-r.-o..html?page_id=132670, Klinická imunológia a alergológia,Bratislavsky Kraj,Bratislava 4
"Ambulancia plastickej chirurgie, Bratislava-Karlova Ves, (MEDICÍNSKE ZARIADENIE MLYNSKÁ DOLINA, s. r. o.)",https://www.e-vuc.sk/bsk/zdravotnictvo/ambulantne-zdravotnicke-zariadenia/bratislava-iv/ambulancia-plastickej-chirurgie-bratislava-karlova-ves-medicinske-zariadenie-mlynska-dolina-s.-r.-o..html?page_id=132671, Plastická chirurgia,Bratislavsky Kraj,Bratislava 4
"Nefrologická ambulancia, MUDr. Juraj Magyarics, Bratislava-Karlova Ves, (Impax Trading spol. s r. o.)",https://www.e-vuc.sk/bsk/zdravotnictvo/ambulantne-zdravotnicke-zariadenia/bratislava-iv/nefrologicka-ambulancia-mudr.-juraj-magyarics-bratislava-karlova-ves-impax-trading-spol.-s-r.-o..html?page_id=132439, Nefrológia,Bratislavsky Kraj,Bratislava 4
"Gynekologická ambulancia, Bratislava-Dúbravka, (MILUMED s.r.o.)",https://www.e-vuc.sk/bsk/zdravotnictvo/ambulantne-zdravotnicke-zariadenia/bratislava-iv/gynekologicka-ambulancia-bratislava-dubravka-milumed.html?page_id=132349, Gynekológia a pôrodníctvo,Bratislavsky Kraj,Bratislava 4
"Reumatologická ambulancia, Bratislava-Karlova Ves, (Fidelitas, s.r.o.)",https://www.e-vuc.sk/bsk/zdravotnictvo/ambulantne-zdravotnicke-zariadenia/bratislava-iv/reumatologicka-ambulancia-bratislava-karlova-ves-fidelitas-1.html?page_id=132337," Reumatológia, Osteológia",Bratislavsky Kraj,Bratislava 4
"Reumatologická ambulancia, Bratislava-Karlova Ves, (Fidelitas, s.r.o.)",https://www.e-vuc.sk/bsk/zdravotnictvo/ambulantne-zdravotnicke-zariadenia/bratislava-iv/reumatologicka-ambulancia-bratislava-karlova-ves-fidelitas.html?page_id=132338," Reumatológia, Osteológia",Bratislavsky Kraj,Bratislava 4
"Ambulancia dentálnej hygieny, Bratislava-Dúbravka, (Risorius dental care s.r.o.)",https://www.e-vuc.sk/bsk/zdravotnictvo/ambulantne-zdravotnicke-zariadenia/bratislava-iv/ambulancia-dentalnej-hygieny-bratislava-dubravka-risorius-dental-care.html?page_id=131071, Dentálna hygiena,Bratislavsky Kraj,Bratislava 4
"Ambulancia zubného lekárstva, Bratislava-Karlova Ves, (AEDent s.r.o.)",https://www.e-vuc.sk/bsk/zdravotnictvo/ambulantne-zdravotnicke-zariadenia/bratislava-iv/ambulancia-zubneho-lekarstva-bratislava-karlova-ves-aedent.html?page_id=131068, Zubné lekárstvo,Bratislavsky Kraj,Bratislava 4
"Ambulancia zubného lekárstva, Bratislava-Dúbravka, (Risorius dental care s.r.o.)",https://www.e-vuc.sk/bsk/zdravotnictvo/ambulantne-zdravotnicke-zariadenia/bratislava-iv/ambulancia-zubneho-lekarstva-bratislava-dubravka-risorius-dental-care-1.html?page_id=130927," Zubné lekárstvo, Dentoalveolárna chirurgia, Implantológia",Bratislavsky Kraj,Bratislava 4
"Ambulancia zubného lekárstva, Bratislava-Dúbravka, (Risorius dental care s.r.o.)",https://www.e-vuc.sk/bsk/zdravotnictvo/ambulantne-zdravotnicke-zariadenia/bratislava-iv/ambulancia-zubneho-lekarstva-bratislava-dubravka-risorius-dental-care.html?page_id=130928," Zubné lekárstvo, Dentoalveolárna chirurgia, Implantológia",Bratislavsky Kraj,Bratislava 4
"Ambulancia čeľustnej ortopédie, Bratislava-Dúbravka, (ANTALDENT s. r. o.)",https://www.e-vuc.sk/bsk/zdravotnictvo/ambulantne-zdravotnicke-zariadenia/bratislava-iv/ambulancia-celustnej-ortopedie-bratislava-dubravka-antaldent-s.-r.-o..html?page_id=130357, čeľustná ortopédia,Bratislavsky Kraj,Bratislava 4
"Tkanivové zariadenie, Karloveská, Bratislava-Karlova Ves, (Neuroimunologický inštitút, nezisková organizácia angl. náz. Neuroimunology institute, n.p.o.)",https://www.e-vuc.sk/bsk/zdravotnictvo/ambulantne-zdravotnicke-zariadenia/bratislava-iv/tkanivove-zariadenie-karloveska-bratislava-karlova-ves-neuroimunologicky-institut-neziskova-organizacia-angl.-naz.-neuroimunology-institute-n.p.o..html?page_id=130099, Patologická anatómia,Bratislavsky Kraj,Bratislava 4
"Ambulancia dentálnej hygieny, Bratislava-Karlova Ves, (DENTAL CARE Dr. Rosa, s. r. o.)",https://www.e-vuc.sk/bsk/zdravotnictvo/ambulantne-zdravotnicke-zariadenia/bratislava-iv/ambulancia-dentalnej-hygieny-bratislava-karlova-ves-dental-care-dr.-rosa-s.-r.-o.-1.html?page_id=130072, Dentálna hygiena,Bratislavsky Kraj,Bratislava 4
"Ambulancia dentálnej hygieny, Bratislava-Karlova Ves, (DENTAL CARE Dr. Rosa, s. r. o.)",https://www.e-vuc.sk/bsk/zdravotnictvo/ambulantne-zdravotnicke-zariadenia/bratislava-iv/ambulancia-dentalnej-hygieny-bratislava-karlova-ves-dental-care-dr.-rosa-s.-r.-o..html?page_id=130073, Dentálna hygiena,Bratislavsky Kraj,Bratislava 4
"Ambulancia zubného lekárstva, Dr. med. dent. Robert Rosa, Bratislava-Karlova Ves, (DENTAL CARE Dr. Rosa, s. r. o.)",https://www.e-vuc.sk/bsk/zdravotnictvo/ambulantne-zdravotnicke-zariadenia/bratislava-iv/ambulancia-zubneho-lekarstva-dr.-med.-dent.-robert-rosa-bratislava-karlova-ves-dental-care-dr.-rosa-s.-r.-o..html?page_id=130074," Zubné lekárstvo, Implantológia",Bratislavsky Kraj,Bratislava 4
"Ambulancia zubného lekárstva, Dr. med. dent. Robert Rosa, Bratislava-Karlova Ves, (DENTAL CARE Dr. Rosa, s. r. o.)",https://www.e-vuc.sk/bsk/zdravotnictvo/ambulantne-zdravotnicke-zariadenia/bratislava-iv/ambulancia-zubneho-lekarstva-dr.-med.-dent.-robert-rosa-bratislava-karlova-ves-dental-care-dr.-rosa-s.-r.-o.-1.html?page_id=130075," Zubné lekárstvo, Implantológia",Bratislavsky Kraj,Bratislava 4
"Ambulancia zubného lekárstva, Bratislava-Karlova Ves, (Zubný lekár Daniel Hošek s. r. o.)",https://www.e-vuc.sk/bsk/zdravotnictvo/ambulantne-zdravotnicke-zariadenia/bratislava-iv/ambulancia-zubneho-lekarstva-bratislava-karlova-ves-zubny-lekar-daniel-hosek-s.-r.-o..html?page_id=129503, Zubné lekárstvo,Bratislavsky Kraj,Bratislava 4
"Ambulancia zubného lekárstva, Bratislava-Karlova Ves, (rovnezuby s. r. o.)",https://www.e-vuc.sk/buxus/generate_page.php?page_id=128501, Zubné lekárstvo,Bratislavsky Kraj,Bratislava 4
"Ambulancia čeľustnej ortopédie, MUDr. Majerníková Soňa, Bratislava-Karlova Ves, (rovnezuby s. r. o.)",https://www.e-vuc.sk/buxus/generate_page.php?page_id=128502, čeľustná ortopédia,Bratislavsky Kraj,Bratislava 4
"Ambulancia zubného lekárstva, MDDr.Veronika Bačová Macáková, Bratislava-Dúbravka, (MDDr. Bačová s. r. o.)",https://www.e-vuc.sk/buxus/generate_page.php?page_id=128427, Zubné lekárstvo,Bratislavsky Kraj,Bratislava 4
"Všeobecná ambulancia pre deti a dorast, Bratislava-Karlova Ves, (VyDePo s.r.o.)",https://www.e-vuc.sk/buxus/generate_page.php?page_id=128377, Všeobecná starostlivosť o deti a dorast,Bratislavsky Kraj,Bratislava 4
"Ambulancia zubného lekárstva, Bratislava-Dev.Nová Ves, (Family Dental Care – Devínska Nová Ves s.r.o.)",https://www.e-vuc.sk/buxus/generate_page.php?page_id=128194, Zubné lekárstvo,Bratislavsky Kraj,Bratislava 4
"Ambulancia zubného lekárstva, Bratislava-Karlova Ves, (Nomi zubná ambulancia, s.r.o.)",https://www.e-vuc.sk/buxus/generate_page.php?page_id=127895, Zubné lekárstvo,Bratislavsky Kraj,Bratislava 4
"Všeobecná ambulancia pre dospelých, Bratislava-Dúbravka, (MED-ADULT, s.r.o.)",https://www.e-vuc.sk/buxus/generate_page.php?page_id=127630, Všeobecné lekárstvo,Bratislavsky Kraj,Bratislava 4
"Oftalmologická ambulancia, Bratislava-Lamač, (Ophthalmo, s. r. o.)",https://www.e-vuc.sk/buxus/generate_page.php?page_id=126930, Oftalmológia,Bratislavsky Kraj,Bratislava 4
"Ambulancia pediatrickej oftalmológie, Bratislava-Lamač, (Ophthalmo, s. r. o.)",https://www.e-vuc.sk/buxus/generate_page.php?page_id=126929, Pediatrická oftalmológia,Bratislavsky Kraj,Bratislava 4
"PeHa - nezmluvná kožná ambulancia, Bratislava-Karlova Ves, (DERMA junior, s.r.o.)",https://www.e-vuc.sk/buxus/generate_page.php?page_id=126699, Dermatovenerológia,Bratislavsky Kraj,Bratislava 4
"MEDICÍNSKE ZARIADENIE MLYNSKÁ DOLINA, s.r.o., Bratislava-Karlova Ves, (MEDICÍNSKE ZARIADENIE MLYNSKÁ DOLINA, s. r. o.)",https://www.e-vuc.sk/buxus/generate_page.php?page_id=126660, Oftalmológia,Bratislavsky Kraj,Bratislava 4
"Všeobecná ambulancia pre dospelých, Bratislava-Karlova Ves, (MEDICÍNSKE ZARIADENIE MLYNSKÁ DOLINA, s. r. o.)",https://www.e-vuc.sk/buxus/generate_page.php?page_id=126219, Všeobecné lekárstvo,Bratislavsky Kraj,Bratislava 4
"Oftalmologická ambulancia, Bratislava-Karlova Ves, (MEDICÍNSKE ZARIADENIE MLYNSKÁ DOLINA, s. r. o.)",https://www.e-vuc.sk/buxus/generate_page.php?page_id=126217, Oftalmológia,Bratislavsky Kraj,Bratislava 4
"Infektologická ambulancia, Bratislava-Karlova Ves, (MEDICÍNSKE ZARIADENIE MLYNSKÁ DOLINA, s. r. o.)",https://www.e-vuc.sk/buxus/generate_page.php?page_id=125727, Infektológia,Bratislavsky Kraj,Bratislava 4
"Ambulancia tropickej medicíny, Bratislava-Karlova Ves, (MEDICÍNSKE ZARIADENIE MLYNSKÁ DOLINA, s. r. o.)",https://www.e-vuc.sk/buxus/generate_page.php?page_id=125726, Tropická medicína,Bratislavsky Kraj,Bratislava 4
"Ambulancia zubného lekárstva, Bratislava-Karlova Ves, (Dentinika s. r. o.)",https://www.e-vuc.sk/buxus/generate_page.php?page_id=125442, Zubné lekárstvo,Bratislavsky Kraj,Bratislava 4
"Oftalmologická ambulancia, Bratislava-Lamač, (SlovServis Group s. r. o.)",https://www.e-vuc.sk/buxus/generate_page.php?page_id=125277, Oftalmológia,Bratislavsky Kraj,Bratislava 4
"SVaLZ, fyzioterapia funkčných a štrukturálnych porúch pohybového systému, Bratislava-Dev.Nová Ves, (PaedDr. Mgr. Ľubomír Majstrák)",https://www.e-vuc.sk/buxus/generate_page.php?page_id=125077," Fyzioterapia funkčných a štrukturálnych porúch pohybového systému, Mobilizačné techniky",Bratislavsky Kraj,Bratislava 4
"Ambulancia cievnej chirurgie, Bratislava-Karlova Ves, (Angiotherapy, s.r.o.)",https://www.e-vuc.sk/buxus/generate_page.php?page_id=124425, Cievna chirurgia,Bratislavsky Kraj,Bratislava 4
"Endokrinologická ambulancia, Bratislava-Dúbravka, (SALENDO s.r.o.)",https://www.e-vuc.sk/buxus/generate_page.php?page_id=124136, Endokrinológia,Bratislavsky Kraj,Bratislava 4
"Všeobecná ambulancia pre dospelých, Bratislava-Karlova Ves, (MEDILIP s. r. o.)",https://www.e-vuc.sk/buxus/generate_page.php?page_id=124037, Všeobecné lekárstvo,Bratislavsky Kraj,Bratislava 4
"Ambulancia pracovnej a organizačnej psychológie, Bratislava-Dev.Nová Ves, (Ministerstvo vnútra Slovenskej republiky)",https://www.e-vuc.sk/buxus/generate_page.php?page_id=123823," Pracovná a organizačná psychológia, Dopravná psychológia",Bratislavsky Kraj,Bratislava 4
"Ambulancia poradenskej psychológie, Bratislava-Dev.Nová Ves, (Ministerstvo vnútra Slovenskej republiky)",https://www.e-vuc.sk/buxus/generate_page.php?page_id=123814, Poradenská psychológia,Bratislavsky Kraj,Bratislava 4
"Ortopedická ambulancia, Bratislava-Záhor.Bystr., (Orto Top, s. r. o.)",https://www.e-vuc.sk/buxus/generate_page.php?page_id=123766, Ortopédia,Bratislavsky Kraj,Bratislava 4
"Ambulancia diabetológie a porúch látkovej premeny a výživy, Bratislava-Karlova Ves, (WAMED s.r.o.)",https://www.e-vuc.sk/buxus/generate_page.php?page_id=123625," Diabetológia, poruchy látkovej premeny a výživy",Bratislavsky Kraj,Bratislava 4
"Ambulancia cievnej chirurgie, MUDr. Peter Švarc, Bratislava-Dúbravka, (Súkromné chirurgické centrum s. r. o.)",https://www.e-vuc.sk/buxus/generate_page.php?page_id=123236, Cievna chirurgia,Bratislavsky Kraj,Bratislava 4
"SVaLZ, fyzioterapia, Bratislava-Devín, (Jana Závacká)",https://www.e-vuc.sk/buxus/generate_page.php?page_id=122983, Fyzioterapia,Bratislavsky Kraj,Bratislava 4
"Chirurgická ambulancia, Bratislava-Karlova Ves, (IDECH s.r.o.)",https://www.e-vuc.sk/buxus/generate_page.php?page_id=122981, Chirurgia,Bratislavsky Kraj,Bratislava 4
"Ambulancia plastickej chirurgie, Bratislava-Karlova Ves, (IDECH s.r.o.)",https://www.e-vuc.sk/buxus/generate_page.php?page_id=122980, Plastická chirurgia,Bratislavsky Kraj,Bratislava 4
"Chirurgická ambulancia, MUDr. Peter Švarc, Bratislava-Dúbravka, (Súkromné chirurgické centrum s. r. o.)",https://www.e-vuc.sk/buxus/generate_page.php?page_id=122796, Chirurgia,Bratislavsky Kraj,Bratislava 4
"Ortopedická ambulancia, Bratislava-Dev.Nová Ves, (Fatima, s. r. o.)",https://www.e-vuc.sk/buxus/generate_page.php?page_id=121020, Ortopédia,Bratislavsky Kraj,Bratislava 4
"Ambulancia vnútorného lekárstva, MUDr. Žak, Bratislava-Karlova Ves, (BEMI Export Group spol. s r.o.)",https://www.e-vuc.sk/buxus/generate_page.php?page_id=120878, Vnútorné lekárstvo,Bratislavsky Kraj,Bratislava 4
"Špecializovaná ambulancia, fyziatria, balneológia a liečebná rehabilitácia, MUDr.Stanislava Klobucká, PhD., Bratislava-Dúbravka, (Rehabilitačné centrum - HARMONY, n.o.)",https://www.e-vuc.sk/buxus/generate_page.php?page_id=120808," Fyziatria, balneológia a liečebná rehabilitácia",Bratislavsky Kraj,Bratislava 4
"SVaLZ, fyziatria, balneológia a liečebná rehabilitácia, MUDr.Stanislava Klobucká, PhD., Bratislava-Dúbravka, (Rehabilitačné centrum - HARMONY, n.o.)",https://www.e-vuc.sk/buxus/generate_page.php?page_id=120807," Fyziatria, balneológia a liečebná rehabilitácia",Bratislavsky Kraj,Bratislava 4
"Ambulancia vnútorného lekárstva, MUDr. Jaroslava Schichorová, Bratislava-Karlova Ves, (PANAKEIA, s.r.o.)",https://www.e-vuc.sk/buxus/generate_page.php?page_id=120806, Vnútorné lekárstvo,Bratislavsky Kraj,Bratislava 4
"Ambulancia čeľustnej ortopédie, Bratislava-Karlova Ves, (MC Orthodontics s.r.o.)",https://www.e-vuc.sk/buxus/generate_page.php?page_id=120795, čeľustná ortopédia,Bratislavsky Kraj,Bratislava 4
"Ambulancia klinickej imunológie a alergológie, Bratislava-Dúbravka, (IMUNO - ALERGO s.r.o.)",https://www.e-vuc.sk/buxus/generate_page.php?page_id=120794, Klinická imunológia a alergológia,Bratislavsky Kraj,Bratislava 4
"Všeobecná ambulancia pre deti a dorast, Bratislava-Dúbravka, (PEDAMBULANCIA s. r. o.)",https://www.e-vuc.sk/buxus/generate_page.php?page_id=120678, Všeobecná starostlivosť o deti a dorast,Bratislavsky Kraj,Bratislava 4
"Jednodňová zdravotná starostlivosť, oftalmológia, Bratislava-Karlova Ves, (EXCIMER spol. s r.o.)",https://www.e-vuc.sk/buxus/generate_page.php?page_id=120261, Oftalmológia,Bratislavsky Kraj,Bratislava 4
"Ambulancia čeľustnej ortopédie, Bratislava-Karlova Ves, (MUDr. Katarína Kášová)",https://www.e-vuc.sk/buxus/generate_page.php?page_id=105385, čeľustná ortopédia,Bratislavsky Kraj,Bratislava 4
"Ambulancia zubného lekárstva, Bratislava-Devín, (MUDr. Ľubomír Rožič)",https://www.e-vuc.sk/buxus/generate_page.php?page_id=105053, Zubné lekárstvo,Bratislavsky Kraj,Bratislava 4
"Ambulancia vnútorného lekárstva, Bratislava-Karlova Ves, (LION - MED s.r.o.)",https://www.e-vuc.sk/buxus/generate_page.php?page_id=104970, Vnútorné lekárstvo,Bratislavsky Kraj,Bratislava 4
"SVaLZ, lekárska genetika, Bratislava-Dúbravka, (Unilabs Slovensko, s. r. o.)",https://www.e-vuc.sk/buxus/generate_page.php?page_id=104618, Lekárska genetika,Bratislavsky Kraj,Bratislava 4
"SVaLZ, klinická imunológia a alergológia, Bratislava-Dúbravka, (Unilabs Slovensko, s. r. o.)",https://www.e-vuc.sk/buxus/generate_page.php?page_id=104619, Klinická imunológia a alergológia,Bratislavsky Kraj,Bratislava 4
"SVaLZ, hematológia a transfuziológia, Bratislava-Dúbravka, (Unilabs Slovensko, s. r. o.)",https://www.e-vuc.sk/buxus/generate_page.php?page_id=104616, Hematológia a transfuziológia,Bratislavsky Kraj,Bratislava 4
"SVaLZ, patologická anatómia, Bratislava-Dúbravka, (Unilabs Slovensko, s. r. o.)",https://www.e-vuc.sk/buxus/generate_page.php?page_id=104617, Patologická anatómia,Bratislavsky Kraj,Bratislava 4
"SVaLZ, klinická mikrobiológia, Bratislava-Dúbravka, (Unilabs Slovensko, s. r. o.)",https://www.e-vuc.sk/buxus/generate_page.php?page_id=104615, Klinická mikrobiológia,Bratislavsky Kraj,Bratislava 4
"SVaLZ, klinická biochémia, Bratislava-Dúbravka, (Unilabs Slovensko, s. r. o.)",https://www.e-vuc.sk/buxus/generate_page.php?page_id=104549, Klinická biochémia,Bratislavsky Kraj,Bratislava 4
"Ambulancia klinickej imunológie a alergológie, Bratislava-Dev.Nová Ves, (Centrum imunológie a alergológie, s.r.o.)",https://www.e-vuc.sk/buxus/generate_page.php?page_id=104362, Klinická imunológia a alergológia,Bratislavsky Kraj,Bratislava 4
"SVaLZ, klinická biochémia, Bratislava-Karlova Ves, (AXON Neuroscience R&D Services SE)",https://www.e-vuc.sk/buxus/generate_page.php?page_id=104320, Klinická biochémia,Bratislavsky Kraj,Bratislava 4
"Ambulancia poradenskej psychológie, Bratislava-Dúbravka, (ALMA Centrum pre zdravý vývin, s. r. o.)",https://www.e-vuc.sk/buxus/generate_page.php?page_id=103560, Poradenská psychológia,Bratislavsky Kraj,Bratislava 4
"Medirex, a.s., lekárska genetika, Bratislava-Karlova Ves, (Medirex, a.s.)",https://www.e-vuc.sk/buxus/generate_page.php?page_id=103538, Lekárska genetika,Bratislavsky Kraj,Bratislava 4
"Ambulancia nukleárnej medicíny, Bratislava-Karlova Ves, (Dr. MAGNET s.r.o.)",https://www.e-vuc.sk/buxus/generate_page.php?page_id=103533, Nukleárna medicína,Bratislavsky Kraj,Bratislava 4
"SVaLZ, rádiológia, Bratislava-Lamač, (PRO SANUS, a.s.)",https://www.e-vuc.sk/buxus/generate_page.php?page_id=103095, Rádiológia,Bratislavsky Kraj,Bratislava 4
"Poliklinika, Lamačská cesta, Bratislava-Lamač, (PRO SANUS, a.s.)",https://www.e-vuc.sk/buxus/generate_page.php?page_id=103094,61-35875704-A0076,Bratislavsky Kraj,Bratislava 4
"Urologická ambulancia, Bratislava-Dúbravka, (MILUMED s.r.o.)",https://www.e-vuc.sk/buxus/generate_page.php?page_id=100821, Urológia,Bratislavsky Kraj,Bratislava 4
"SVaLZ, fyziatria, balneológia a liečebná rehabilitácia, Bratislava-Karlova Ves, (Fidelitas, s.r.o.)",https://www.e-vuc.sk/buxus/generate_page.php?page_id=96977," Fyziatria, balneológia a liečebná rehabilitácia",Bratislavsky Kraj,Bratislava 4
"Reumatologická ambulancia, Bratislava-Karlova Ves, (Fidelitas, s.r.o.)",https://www.e-vuc.sk/buxus/generate_page.php?page_id=96976, Reumatológia,Bratislavsky Kraj,Bratislava 4
"Reumatologická ambulancia, Bratislava-Karlova Ves, (Fidelitas, s.r.o.)",https://www.e-vuc.sk/buxus/generate_page.php?page_id=96975, Reumatológia,Bratislavsky Kraj,Bratislava 4
"Ambulancia fyziatrie, balneológie a liečebnej rehabilitácie, Bratislava-Karlova Ves, (Fidelitas, s.r.o.)",https://www.e-vuc.sk/buxus/generate_page.php?page_id=96974," Fyziatria, balneológia a liečebná rehabilitácia",Bratislavsky Kraj,Bratislava 4
"Ambulancia vnútorného lekárstva, Bratislava-Karlova Ves, (Biomedicínske centrum Slovenskej akadémie vied)",https://www.e-vuc.sk/buxus/generate_page.php?page_id=92813, Vnútorné lekárstvo,Bratislavsky Kraj,Bratislava 4
"Ambulancia diabetológie a porúch látkovej premeny a výživy, Bratislava-Karlova Ves, (Biomedicínske centrum Slovenskej akadémie vied)",https://www.e-vuc.sk/buxus/generate_page.php?page_id=92812," Diabetológia, poruchy látkovej premeny a výživy",Bratislavsky Kraj,Bratislava 4
"SVaLZ, hematológia a transfuziológia, Bratislava-Karlova Ves, (Medirex, a.s.)",https://www.e-vuc.sk/buxus/generate_page.php?page_id=92399, Hematológia a transfuziológia,Bratislavsky Kraj,Bratislava 4
"Rádiologické pracovisko (SVaLZ), MUDr. Edita Göncölová, Bratislava-Karlova Ves, (Poliklinika Karlova Ves)",https://www.e-vuc.sk/buxus/generate_page.php?page_id=89709, Rádiológia,Bratislavsky Kraj,Bratislava 4
"Ambulancia vnútorného lekárstva, Bratislava-Dev.Nová Ves, (KARDIO-SANUS, spol. s r.o.)",https://www.e-vuc.sk/buxus/generate_page.php?page_id=89447, Vnútorné lekárstvo,Bratislavsky Kraj,Bratislava 4
"Kardiologická ambulancia, Bratislava-Dev.Nová Ves, (KARDIO-SANUS, spol. s r.o.)",https://www.e-vuc.sk/buxus/generate_page.php?page_id=89446," Kardiológia, Vnútorné lekárstvo",Bratislavsky Kraj,Bratislava 4
"Ambulancia zubného lekárstva, MUDr. Eva Veselá, Bratislava-Lamač, (MUDr. Eva Veselá)",https://www.e-vuc.sk/buxus/generate_page.php?page_id=87156,!,Bratislavsky Kraj,Bratislava 4
"Všeobecná ambulancia pre deti a dorast, Bratislava-Dúbravka, (MEDMA CARE spol. s r. o.)",https://www.e-vuc.sk/buxus/generate_page.php?page_id=84254, Všeobecná starostlivosť o deti a dorast,Bratislavsky Kraj,Bratislava 4
"Ambulancia klinickej logopédie, Bratislava-Dúbravka, (LOGOS, s. r. o.)",https://www.e-vuc.sk/buxus/generate_page.php?page_id=77890, Klinická logopédia,Bratislavsky Kraj,Bratislava 4
"Ambulancia dentálnej hygieny, Doc. Mykhailo Tsap, Bratislava-Dúbravka, (PEZADENT s. r. o.)",https://www.e-vuc.sk/buxus/generate_page.php?page_id=77450, Dentálna hygiena,Bratislavsky Kraj,Bratislava 4
"Ambulancia zubného lekárstva, MUDr. Mykhailo Tsap, Bratislava-Dúbravka, (PEZADENT s. r. o.)",https://www.e-vuc.sk/buxus/generate_page.php?page_id=77451, Zubné lekárstvo,Bratislavsky Kraj,Bratislava 4
"Ambulancia zubného lekárstva, Bratislava-Dúbravka, (PEZADENT s. r. o.)",https://www.e-vuc.sk/buxus/generate_page.php?page_id=77449, Zubné lekárstvo,Bratislavsky Kraj,Bratislava 4
"Pneumologicko-ftizeologická ambulancia, Bratislava-Karlova Ves, (MEDICÍNSKE ZARIADENIE MLYNSKÁ DOLINA, s. r. o.)",https://www.e-vuc.sk/buxus/generate_page.php?page_id=77447, Pneumológia a ftizeológia,Bratislavsky Kraj,Bratislava 4
"Ambulancia zubného lekárstva, MUDr. Kopálová Tatiana, MPH, Bratislava-Záhor.Bystr., (LAGAKO Dental s.r.o.)",https://www.e-vuc.sk/buxus/generate_page.php?page_id=76867, Zubné lekárstvo,Bratislavsky Kraj,Bratislava 4
"Ambulancia fyziatrie, balneológie a liečebnej rehabilitácie, MUDr. Ľudmila Jurinová, MPH, Bratislava-Dúbravka, (REOCENTRUM, s.r.o.)",https://www.e-vuc.sk/buxus/generate_page.php?page_id=76733," Fyziatria, balneológia a liečebná rehabilitácia",Bratislavsky Kraj,Bratislava 4
"Chirurgická ambulancia, MUDr. Lucia Húšťavová, PhD., Bratislava-Karlova Ves, (VidMed s. r. o)",https://www.e-vuc.sk/buxus/generate_page.php?page_id=76707, Chirurgia,Bratislavsky Kraj,Bratislava 4
"Ambulancia zubného lekárstva, Bratislava-Dúbravka, (ANTALDENT s. r. o.)",https://www.e-vuc.sk/buxus/generate_page.php?page_id=76562," Zubné lekárstvo, Dentoalveolárna chirurgia, Implantológia",Bratislavsky Kraj,Bratislava 4
"SVaLZ, rádiológia, Bratislava-Karlova Ves, (MEDICÍNSKE ZARIADENIE MLYNSKÁ DOLINA, s. r. o.)",https://www.e-vuc.sk/buxus/generate_page.php?page_id=76461, Rádiológia,Bratislavsky Kraj,Bratislava 4
"Ambulancia úrazovej chirurgie, Bratislava-Karlova Ves, (MEDICÍNSKE ZARIADENIE MLYNSKÁ DOLINA, s. r. o.)",https://www.e-vuc.sk/buxus/generate_page.php?page_id=76446, úrazová chirurgia,Bratislavsky Kraj,Bratislava 4
"Ortopedická ambulancia, Bratislava-Karlova Ves, (MEDICÍNSKE ZARIADENIE MLYNSKÁ DOLINA, s. r. o.)",https://www.e-vuc.sk/buxus/generate_page.php?page_id=76445, Ortopédia,Bratislavsky Kraj,Bratislava 4
"Ambulancia zubného lekárstva, Dr. med. dent. Rosa, Bratislava-Karlova Ves, (DENTAL CARE Dr. Rosa, s. r. o.)",https://www.e-vuc.sk/buxus/generate_page.php?page_id=76428," Zubné lekárstvo, Dentoalveolárna chirurgia",Bratislavsky Kraj,Bratislava 4
"Ambulancia zubného lekárstva, Dr. med. dent. Robert Rosa, Bratislava-Karlova Ves, (DENTAL CARE Dr. Rosa, s. r. o.)",https://www.e-vuc.sk/buxus/generate_page.php?page_id=76427," Zubné lekárstvo, Dentoalveolárna chirurgia",Bratislavsky Kraj,Bratislava 4
"Všeobecná ambulancia pre deti a dorast, Bratislava-Lamač, (PRO SANUS, a.s.)",https://www.e-vuc.sk/buxus/generate_page.php?page_id=74641, Všeobecná starostlivosť o deti a dorast,Bratislavsky Kraj,Bratislava 4
"Ambulancia zubného lekárstva, MUDr. Martin Košťál, Bratislava-Lamač, (PRO SANUS, a.s.)",https://www.e-vuc.sk/buxus/generate_page.php?page_id=74642, Zubné lekárstvo,Bratislavsky Kraj,Bratislava 4
"Všeobecná ambulancia pre dospelých, Bratislava-Lamač, (PRO SANUS, a.s.)",https://www.e-vuc.sk/buxus/generate_page.php?page_id=74640, Všeobecné lekárstvo,Bratislavsky Kraj,Bratislava 4
"Všeobecná ambulancia pre dospelých, MUDr. Oksana Labíková, Bratislava-Lamač, (PRO SANUS, a.s.)",https://www.e-vuc.sk/buxus/generate_page.php?page_id=74639, Všeobecné lekárstvo,Bratislavsky Kraj,Bratislava 4
"Ambulancia klinickej psychológie, Bratislava-Dúbravka, (Nezisková organizácia Centrum pre rodinu Kvapka)",https://www.e-vuc.sk/buxus/generate_page.php?page_id=74586," Psychoterapia, Klinická psychológia",Bratislavsky Kraj,Bratislava 4
"Ambulancia klinickej logopédie, Bratislava-Lamač, (Annfuturo s. r. o.)",https://www.e-vuc.sk/buxus/generate_page.php?page_id=74541, Klinická logopédia,Bratislavsky Kraj,Bratislava 4
"Reumatologická ambulancia, Bratislava-Karlova Ves, (STAMED, s.r.o.)",https://www.e-vuc.sk/buxus/generate_page.php?page_id=74494, Reumatológia,Bratislavsky Kraj,Bratislava 4
"Ambulancia vnútorného lekárstva, Bratislava-Karlova Ves, (STAMED, s.r.o.)",https://www.e-vuc.sk/buxus/generate_page.php?page_id=74493, Vnútorné lekárstvo,Bratislavsky Kraj,Bratislava 4
"Ambulancia pediatrickej chirurgie, MUDr. Mária Kerdíková, Bratislava-Karlova Ves, (EUROMED, s.r.o.)",https://www.e-vuc.sk/buxus/generate_page.php?page_id=74441, Detská chirurgia,Bratislavsky Kraj,Bratislava 4
"Chirurgická ambulancia, MUDr. Jozef Babala PhD, Bratislava-Karlova Ves, (EUROMED, s.r.o.)",https://www.e-vuc.sk/buxus/generate_page.php?page_id=74440, Chirurgia,Bratislavsky Kraj,Bratislava 4
"Urologická ambulancia, Bratislava-Dúbravka, (VALMED, s.r.o)",https://www.e-vuc.sk/buxus/generate_page.php?page_id=73695, Urológia,Bratislavsky Kraj,Bratislava 4
"Všeobecná ambulancia pre dospelých, MUDr. Alžbeta Olexová, Bratislava-Záhor.Bystr., (STANMED s.r.o.)",https://www.e-vuc.sk/buxus/generate_page.php?page_id=73689, Všeobecné lekárstvo,Bratislavsky Kraj,Bratislava 4
"Psychiatrická ambulancia, MUDr. Vít Provazník, Bratislava-Karlova Ves, (PROVITA BRATISLAVA s.r.o.)",https://www.e-vuc.sk/buxus/generate_page.php?page_id=73681, Psychiatria,Bratislavsky Kraj,Bratislava 4
"Ambulancia zubného lekárstva, MUDr. Miloš Ivan, Bratislava-Dev.Nová Ves, (MUDr. Miloš Ivan)",https://www.e-vuc.sk/buxus/generate_page.php?page_id=73661, Zubné lekárstvo,Bratislavsky Kraj,Bratislava 4
"SVaLZ, fyziatria, balneológia a liečebná rehabilitácia, MUDr. Alena Osuská, Bratislava-Dúbravka, (Medicínske centrum Sanus s.r.o.)",https://www.e-vuc.sk/buxus/generate_page.php?page_id=73639," Fyziatria, balneológia a liečebná rehabilitácia",Bratislavsky Kraj,Bratislava 4
"Všeobecná ambulancia pre dospelých, Bratislava-Karlova Ves, (MED-ADULT, s.r.o.)",https://www.e-vuc.sk/buxus/generate_page.php?page_id=73636, Všeobecné lekárstvo,Bratislavsky Kraj,Bratislava 4
"Reumatologická ambulancia, Bratislava-Karlova Ves, (Fidelitas, s.r.o.)",https://www.e-vuc.sk/buxus/generate_page.php?page_id=73618, Reumatológia,Bratislavsky Kraj,Bratislava 4
"SVaLZ, nukleárna medicína, Bratislava-Karlova Ves, (Dr. MAGNET s.r.o.)",https://www.e-vuc.sk/buxus/generate_page.php?page_id=73611, Nukleárna medicína,Bratislavsky Kraj,Bratislava 4
"Oftalmologická ambulancia, Bratislava-Dúbravka, (BE-SO s. r. o.)",https://www.e-vuc.sk/buxus/generate_page.php?page_id=73599, Oftalmológia,Bratislavsky Kraj,Bratislava 4
"Reumatologická ambulancia, Bratislava-Karlova Ves, (Fidelitas, s.r.o.)",https://www.e-vuc.sk/buxus/generate_page.php?page_id=67057, Reumatológia,Bratislavsky Kraj,Bratislava 4
"Kardiologická ambulancia, Bratislava-Dúbravka, (INTERNA - MED s. r. o.)",https://www.e-vuc.sk/buxus/generate_page.php?page_id=67046, Kardiológia,Bratislavsky Kraj,Bratislava 4
"Všeobecná ambulancia pre dospelých, MUDr. Sabina Stankovičová, Bratislava-Lamač, (STANMED s.r.o.)",https://www.e-vuc.sk/buxus/generate_page.php?page_id=66764, Všeobecné lekárstvo,Bratislavsky Kraj,Bratislava 4
"Ambulancia klinickej psychológie, Bratislava-Karlova Ves, (MEDICÍNSKE ZARIADENIE MLYNSKÁ DOLINA, s. r. o.)",https://www.e-vuc.sk/buxus/generate_page.php?page_id=66757, Klinická psychológia,Bratislavsky Kraj,Bratislava 4
"Ambulancia klinickej logopédie, Bratislava-Karlova Ves, (MEDICÍNSKE ZARIADENIE MLYNSKÁ DOLINA, s. r. o.)",https://www.e-vuc.sk/buxus/generate_page.php?page_id=66758, Klinická logopédia,Bratislavsky Kraj,Bratislava 4
"Urologická ambulancia, Bratislava-Karlova Ves, (MEDICÍNSKE ZARIADENIE MLYNSKÁ DOLINA, s. r. o.)",https://www.e-vuc.sk/buxus/generate_page.php?page_id=66759, Urológia,Bratislavsky Kraj,Bratislava 4
"Kardiologická ambulancia, Bratislava-Karlova Ves, (MEDICÍNSKE ZARIADENIE MLYNSKÁ DOLINA, s. r. o.)",https://www.e-vuc.sk/buxus/generate_page.php?page_id=66760, Kardiológia,Bratislavsky Kraj,Bratislava 4
"Otorinolaryngologická ambulancia, Bratislava-Karlova Ves, (MEDICÍNSKE ZARIADENIE MLYNSKÁ DOLINA, s. r. o.)",https://www.e-vuc.sk/buxus/generate_page.php?page_id=66752, Otorinolaryngológia,Bratislavsky Kraj,Bratislava 4
"Oftalmologická ambulancia, Bratislava-Karlova Ves, (MEDICÍNSKE ZARIADENIE MLYNSKÁ DOLINA, s. r. o.)",https://www.e-vuc.sk/buxus/generate_page.php?page_id=66753, Oftalmológia,Bratislavsky Kraj,Bratislava 4
"Ambulancia telovýchovného lekárstva, Bratislava-Karlova Ves, (MEDICÍNSKE ZARIADENIE MLYNSKÁ DOLINA, s. r. o.)",https://www.e-vuc.sk/buxus/generate_page.php?page_id=66754, Telovýchovné lekárstvo,Bratislavsky Kraj,Bratislava 4
"Ambulancia fyziatrie, balneológie a liečebnej rehabilitácie, Bratislava-Karlova Ves, (MEDICÍNSKE ZARIADENIE MLYNSKÁ DOLINA, s. r. o.)",https://www.e-vuc.sk/buxus/generate_page.php?page_id=66755," Fyziatria, balneológia a liečebná rehabilitácia",Bratislavsky Kraj,Bratislava 4
"Psychiatrická ambulancia, Bratislava-Karlova Ves, (MEDICÍNSKE ZARIADENIE MLYNSKÁ DOLINA, s. r. o.)",https://www.e-vuc.sk/buxus/generate_page.php?page_id=66756, Psychiatria,Bratislavsky Kraj,Bratislava 4
"Ambulancia diabetológie a porúch látkovej premeny a výživy, Bratislava-Karlova Ves, (MEDICÍNSKE ZARIADENIE MLYNSKÁ DOLINA, s. r. o.)",https://www.e-vuc.sk/buxus/generate_page.php?page_id=66746," Diabetológia, poruchy látkovej premeny a výživy",Bratislavsky Kraj,Bratislava 4
"Endokrinologická ambulancia, Bratislava-Karlova Ves, (MEDICÍNSKE ZARIADENIE MLYNSKÁ DOLINA, s. r. o.)",https://www.e-vuc.sk/buxus/generate_page.php?page_id=66747, Endokrinológia,Bratislavsky Kraj,Bratislava 4
"Ambulancia klinickej imunológie a alergológie, Bratislava-Karlova Ves, (MEDICÍNSKE ZARIADENIE MLYNSKÁ DOLINA, s. r. o.)",https://www.e-vuc.sk/buxus/generate_page.php?page_id=66748, Klinická imunológia a alergológia,Bratislavsky Kraj,Bratislava 4
"Pneumologicko-ftizeologická ambulancia, Bratislava-Karlova Ves, (MEDICÍNSKE ZARIADENIE MLYNSKÁ DOLINA, s. r. o.)",https://www.e-vuc.sk/buxus/generate_page.php?page_id=66749, Pneumológia a ftizeológia,Bratislavsky Kraj,Bratislava 4
"Neurologická ambulancia, Bratislava-Karlova Ves, (MEDICÍNSKE ZARIADENIE MLYNSKÁ DOLINA, s. r. o.)",https://www.e-vuc.sk/buxus/generate_page.php?page_id=66750, Neurológia,Bratislavsky Kraj,Bratislava 4
"Dermatovenerologická ambulancia, Bratislava-Karlova Ves, (MEDICÍNSKE ZARIADENIE MLYNSKÁ DOLINA, s. r. o.)",https://www.e-vuc.sk/buxus/generate_page.php?page_id=66751, Dermatovenerológia,Bratislavsky Kraj,Bratislava 4
"Všeobecná ambulancia pre deti a dorast, Bratislava-Karlova Ves, (MEDICÍNSKE ZARIADENIE MLYNSKÁ DOLINA, s. r. o.)",https://www.e-vuc.sk/buxus/generate_page.php?page_id=66743, Všeobecná starostlivosť o deti a dorast,Bratislavsky Kraj,Bratislava 4
"Gynekologická ambulancia, Bratislava-Karlova Ves, (MEDICÍNSKE ZARIADENIE MLYNSKÁ DOLINA, s. r. o.)",https://www.e-vuc.sk/buxus/generate_page.php?page_id=66744," Gynekológia a pôrodníctvo, Ultrazvuk v gynekológii a pôrodníctve",Bratislavsky Kraj,Bratislava 4
"Ambulancia vnútorného lekárstva, Bratislava-Karlova Ves, (MEDICÍNSKE ZARIADENIE MLYNSKÁ DOLINA, s. r. o.)",https://www.e-vuc.sk/buxus/generate_page.php?page_id=66745, Vnútorné lekárstvo,Bratislavsky Kraj,Bratislava 4
"Všeobecná ambulancia pre dospelých, Bratislava-Karlova Ves, (MEDICÍNSKE ZARIADENIE MLYNSKÁ DOLINA, s. r. o.)",https://www.e-vuc.sk/buxus/generate_page.php?page_id=66742, Všeobecné lekárstvo,Bratislavsky Kraj,Bratislava 4
"Ambulancia zubného lekárstva, MUDr. Helena Bajteková, Bratislava-Karlova Ves, (Hedent s.r.o.)",https://www.e-vuc.sk/buxus/generate_page.php?page_id=66730, Zubné lekárstvo,Bratislavsky Kraj,Bratislava 4
"Neurologická ambulancia, Bratislava-Dúbravka, (Neurotop, s. r. o.)",https://www.e-vuc.sk/buxus/generate_page.php?page_id=66501, Neurológia,Bratislavsky Kraj,Bratislava 4
"Ambulancia zubného lekárstva, MDDr. Tomáš Nemčok, Bratislava-Karlova Ves, (U - Dent s. r. o.)",https://www.e-vuc.sk/buxus/generate_page.php?page_id=66491," Zubné lekárstvo, Dentoalveolárna chirurgia",Bratislavsky Kraj,Bratislava 4
"Všeobecná ambulancia pre deti a dorast, Bratislava-Karlova Ves, (MUDr. Sýkorová Silvia, s. r. o.)",https://www.e-vuc.sk/buxus/generate_page.php?page_id=66465, Všeobecná starostlivosť o deti a dorast,Bratislavsky Kraj,Bratislava 4
"Ambulancia zubného lekárstva, Bratislava-Karlova Ves, (Schill Dental Clinic s.r.o.)",https://www.e-vuc.sk/buxus/generate_page.php?page_id=66438, Zubné lekárstvo,Bratislavsky Kraj,Bratislava 4
"Endokrinologická ambulancia, MUDr. Eva Žakovičová, Bratislava-Dúbravka, (Diacrin s. r. o.)",https://www.e-vuc.sk/buxus/generate_page.php?page_id=66376, Endokrinológia,Bratislavsky Kraj,Bratislava 4
"Ambulancia diabetológie a porúch látkovej premeny a výživy, MUDr. Eva Žakovičová, Bratislava-Dúbravka, (Diacrin s. r. o.)",https://www.e-vuc.sk/buxus/generate_page.php?page_id=66377," Diabetológia, poruchy látkovej premeny a výživy",Bratislavsky Kraj,Bratislava 4
"SVaLZ, klinická biochémia, Bratislava-Karlova Ves, (Medirex, a.s.)",https://www.e-vuc.sk/buxus/generate_page.php?page_id=66360, Klinická biochémia,Bratislavsky Kraj,Bratislava 4
"SVaLZ, rádiológia, Bratislava-Karlova Ves, (SCHNEIDER RTG-BA, spol. s r. o.)",https://www.e-vuc.sk/buxus/generate_page.php?page_id=66336, Rádiológia,Bratislavsky Kraj,Bratislava 4
"Gynekologická ambulancia, MUDr. Milan Krkoška, Bratislava-Karlova Ves, (Medisyl, s.r.o.)",https://www.e-vuc.sk/bsk/zdravotnictvo/ambulantne-zdravotnicke-zariadenia/bratislava-iv/gynekologicka-ambulancia-mudr.-milan-krkoska-bratislava-karlova-ves-medisyl.html?page_id=66334," Gynekológia a pôrodníctvo, Onkológia v gynekológii",Bratislavsky Kraj,Bratislava 4
"SVaLZ, rádiológia, Bratislava-Karlova Ves, (Fidelitas, s.r.o.)",https://www.e-vuc.sk/buxus/generate_page.php?page_id=66330," Rádiológia, Osteodenzitometria",Bratislavsky Kraj,Bratislava 4
"Ambulancia vnútorného lekárstva, Bratislava-Karlova Ves, (ONKOCET, s.r.o.)",https://www.e-vuc.sk/buxus/generate_page.php?page_id=66303, Vnútorné lekárstvo,Bratislavsky Kraj,Bratislava 4
"Ambulancia čeľustnej ortopédie, MUDr. Eva Veselá, Bratislava-Lamač, (MUDr. Eva Veselá)",https://www.e-vuc.sk/buxus/generate_page.php?page_id=66253,!,Bratislavsky Kraj,Bratislava 4
"Všeobecná ambulancia pre deti a dorast, MUDr. Eva Svitková, Bratislava-Dúbravka, (MUDr. Eva Svitková)",https://www.e-vuc.sk/buxus/generate_page.php?page_id=66240, Všeobecná starostlivosť o deti a dorast,Bratislavsky Kraj,Bratislava 4
"FamilyOrtho, s.r.o.ambulancia čeľustnej ortopedie, Bratislava-Karlova Ves, (FamilyOrtho, s. r. o.)",https://www.e-vuc.sk/buxus/generate_page.php?page_id=66211, čeľustná ortopédia,Bratislavsky Kraj,Bratislava 4
"Ambulancia čeľustnej ortopédie, MUDr. Miriam Alexandrová, MUDr. Gabriela Alexandrová, Bratislava-Karlova Ves, (Orthoalex s.r.o.)",https://www.e-vuc.sk/buxus/generate_page.php?page_id=66210, čeľustná ortopédia,Bratislavsky Kraj,Bratislava 4
"Ambulancia vnútorného lekárstva, MUDr. Miriam Šišuláková, Bratislava-Karlova Ves, (Neštátna gastroenterologická ambulacia spol. s r.o.)",https://www.e-vuc.sk/buxus/generate_page.php?page_id=66208, Vnútorné lekárstvo,Bratislavsky Kraj,Bratislava 4
"Ambulancia nukleárnej medicíny, MUDr. POVINEC Pavol, PhD., primár, Bratislava-Karlova Ves, (BIONT, a.s.)",https://www.e-vuc.sk/buxus/generate_page.php?page_id=66191, Nukleárna medicína,Bratislavsky Kraj,Bratislava 4
"Ortopedická ambulancia, MUDr. Milan Marinič, Bratislava-Karlova Ves, (MM AMBULANCIA, s.r.o.)",https://www.e-vuc.sk/buxus/generate_page.php?page_id=65783, Ortopédia,Bratislavsky Kraj,Bratislava 4
"SVaLZ, fyziatria, balneológia a liečebná rehabilitácia, Bratislava-Karlova Ves, (MEDICÍNSKE ZARIADENIE MLYNSKÁ DOLINA, s. r. o.)",https://www.e-vuc.sk/buxus/generate_page.php?page_id=65515," Fyziatria, balneológia a liečebná rehabilitácia",Bratislavsky Kraj,Bratislava 4
"SVaLZ, fyziatria, balneológia a liečebná rehabilitácia, MUDr. Ľudmila Jurinová, MPH, Bratislava-Dúbravka, (REOCENTRUM, s.r.o.)",https://www.e-vuc.sk/buxus/generate_page.php?page_id=65451," Fyziatria, balneológia a liečebná rehabilitácia",Bratislavsky Kraj,Bratislava 4
"Jednodňová zdravotná starostlivosť, gynekológia a pôrodníctvo, Bratislava-Dúbravka, (OLYMPEX s.r.o.)",https://www.e-vuc.sk/buxus/generate_page.php?page_id=65447, Gynekológia a pôrodníctvo,Bratislavsky Kraj,Bratislava 4
"Dermatovenerologická ambulancia, Bratislava-Dev.Nová Ves, (VIHADERM, s.r.o.)",https://www.e-vuc.sk/buxus/generate_page.php?page_id=65316, Dermatovenerológia,Bratislavsky Kraj,Bratislava 4
"Všeobecná ambulancia pre dospelých, Bratislava-Dev.Nová Ves, (KARDIO-SANUS, spol. s r.o.)",https://www.e-vuc.sk/buxus/generate_page.php?page_id=65297, Všeobecné lekárstvo,Bratislavsky Kraj,Bratislava 4
"Kardiologická ambulancia, Bratislava-Dev.Nová Ves, (KARDIO-SANUS, spol. s r.o.)",https://www.e-vuc.sk/buxus/generate_page.php?page_id=65296," Kardiológia, Vnútorné lekárstvo",Bratislavsky Kraj,Bratislava 4
"Ambulancia fyziatrie, balneológie a liečebnej rehabilitácie, Bratislava-Karlova Ves, (EUROREHAB s.r.o.)",https://www.e-vuc.sk/buxus/generate_page.php?page_id=65290," Fyziatria, balneológia a liečebná rehabilitácia",Bratislavsky Kraj,Bratislava 4
"Ambulancia fyziatrie, balneológie a liečebnej rehabilitácie, Bratislava-Dúbravka, (EUROREHAB s.r.o.)",https://www.e-vuc.sk/buxus/generate_page.php?page_id=65286," Fyziatria, balneológia a liečebná rehabilitácia",Bratislavsky Kraj,Bratislava 4
"SVaLZ, fyziatria, balneológia a liečebná rehabilitácia, Bratislava-Karlova Ves, (EUROREHAB s.r.o.)",https://www.e-vuc.sk/buxus/generate_page.php?page_id=65229," Fyziatria, balneológia a liečebná rehabilitácia",Bratislavsky Kraj,Bratislava 4
"SVaLZ, fyziatria, balneológia a liečebná rehabilitácia, Bratislava-Dúbravka, (EUROREHAB s.r.o.)",https://www.e-vuc.sk/buxus/generate_page.php?page_id=65225," Fyziatria, balneológia a liečebná rehabilitácia",Bratislavsky Kraj,Bratislava 4
"Ambulancia klinickej imunológie a alergológie, MUDr. Michal Klimik, Bratislava-Dúbravka, (MEDISA s.r.o.)",https://www.e-vuc.sk/buxus/generate_page.php?page_id=65204, Klinická imunológia a alergológia,Bratislavsky Kraj,Bratislava 4
"SVaLZ, fyziatria, balneológia a liečebná rehabilitácia, Bratislava-Lamač, (REHABILITÁCIA – ambulancia profesora Gútha s.r.o.)",https://www.e-vuc.sk/buxus/generate_page.php?page_id=65131," Fyziatria, balneológia a liečebná rehabilitácia",Bratislavsky Kraj,Bratislava 4
"Ambulancia fyziatrie, balneológie a liečebnej rehabilitácie, Bratislava-Lamač, (REHABILITÁCIA – ambulancia profesora Gútha s.r.o.)",https://www.e-vuc.sk/buxus/generate_page.php?page_id=65130," Fyziatria, balneológia a liečebná rehabilitácia",Bratislavsky Kraj,Bratislava 4
"Ambulancia zubného lekárstva, Jevhenyij Rádomszkij, Bratislava-Dúbravka, (DRIENKA s.r.o.)",https://www.e-vuc.sk/buxus/generate_page.php?page_id=65124, Zubné lekárstvo,Bratislavsky Kraj,Bratislava 4
"Ambulancia zubného lekárstva, Bratislava-Karlova Ves, (DENTARIUS s.r.o.)",https://www.e-vuc.sk/buxus/generate_page.php?page_id=65123, Zubné lekárstvo,Bratislavsky Kraj,Bratislava 4
"Ambulancia zubného lekárstva, Bratislava-Karlova Ves, (BALDENT, s.r.o.)",https://www.e-vuc.sk/buxus/generate_page.php?page_id=64894, Zubné lekárstvo,Bratislavsky Kraj,Bratislava 4
"Ambulancia zubného lekárstva, MUDr.Zora Bertoldová,MSc., Bratislava-Dev.Nová Ves, (G&D Care s.r.o.)",https://www.e-vuc.sk/buxus/generate_page.php?page_id=64892, Zubné lekárstvo,Bratislavsky Kraj,Bratislava 4
"Stacionár, fyziatria, balneológia a liečebná rehabilitácia, MUDr. Mária Martinková, Bratislava-Karlova Ves, (Poliklinika Karlova Ves)",https://www.e-vuc.sk/buxus/generate_page.php?page_id=64884," Fyziatria, balneológia a liečebná rehabilitácia",Bratislavsky Kraj,Bratislava 4
"Ambulancia fyziatrie, balneológie a liečebnej rehabilitácie, MUDr. Mária Martinková, Bratislava-Karlova Ves, (Poliklinika Karlova Ves)",https://www.e-vuc.sk/buxus/generate_page.php?page_id=64848," Fyziatria, balneológia a liečebná rehabilitácia",Bratislavsky Kraj,Bratislava 4
"SVaLZ, fyziatria, balneológia a liečebná rehabilitácia, MUDr. Mária Martinková, Bratislava-Karlova Ves, (Poliklinika Karlova Ves)",https://www.e-vuc.sk/buxus/generate_page.php?page_id=64849," Fyziatria, balneológia a liečebná rehabilitácia",Bratislavsky Kraj,Bratislava 4
"Stacionár, detská psychiatria, MUDr. Natália Dimová, Bratislava-Karlova Ves, (Poliklinika Karlova Ves Bratislava), Bratislava-Karlova Ves, (Poliklinika Karlova Ves)",https://www.e-vuc.sk/buxus/generate_page.php?page_id=64850, Detská psychiatria,Bratislavsky Kraj,Bratislava 4
"Ambulancia vnútorného lekárstva, MUDr. Koloman Žiška, CSc., Bratislava-Karlova Ves, (Poliklinika Karlova Ves)",https://www.e-vuc.sk/buxus/generate_page.php?page_id=64843, Vnútorné lekárstvo,Bratislavsky Kraj,Bratislava 4
"Ambulancia vnútorného lekárstva, Bratislava-Lamač, (Poliklinika Karlova Ves)",https://www.e-vuc.sk/buxus/generate_page.php?page_id=64846, Vnútorné lekárstvo,Bratislavsky Kraj,Bratislava 4
"Ambulancia detskej psychiatrie, MUDr. N. Dimová a MUDr. A. Kováčová, Bratislava-Karlova Ves, (Poliklinika Karlova Ves), Bratislava-Karlova Ves, (Poliklinika Karlova Ves)",https://www.e-vuc.sk/buxus/generate_page.php?page_id=64847, Detská psychiatria,Bratislavsky Kraj,Bratislava 4
"Kardiologická ambulancia, MUDr. Koloman Žiška, CSc., Bratislava-Karlova Ves, (Poliklinika Karlova Ves)",https://www.e-vuc.sk/buxus/generate_page.php?page_id=64842, Kardiológia,Bratislavsky Kraj,Bratislava 4
"Ambulancia zubného lekárstva, Bratislava-Karlova Ves, (MUDr. Adriana Pristašová)",https://www.e-vuc.sk/buxus/generate_page.php?page_id=64730, Zubné lekárstvo,Bratislavsky Kraj,Bratislava 4
"Ambulancia fyziatrie, balneológie a liečebnej rehabilitácie, MUDr. Alena Osuská, Bratislava-Dúbravka, (Medicínske centrum Sanus s.r.o.)",https://www.e-vuc.sk/buxus/generate_page.php?page_id=64721," Fyziatria, balneológia a liečebná rehabilitácia",Bratislavsky Kraj,Bratislava 4
"Nefrologická ambulancia, MUDr. Viktor Jankó, Bratislava-Dúbravka, (Impax Trading spol. s r. o.)",https://www.e-vuc.sk/buxus/generate_page.php?page_id=64454, Nefrológia,Bratislavsky Kraj,Bratislava 4
"Všeobecná ambulancia pre deti a dorast, Bratislava-Karlova Ves, (MEDBABY 2002, s. r. o.)",https://www.e-vuc.sk/buxus/generate_page.php?page_id=64418, Všeobecná starostlivosť o deti a dorast,Bratislavsky Kraj,Bratislava 4
"Tkanivové zariadenie, Dúbravská cesta, Bratislava-Karlova Ves, (Slovenský register placentárnych krvotvorných buniek)",https://www.e-vuc.sk/buxus/generate_page.php?page_id=62243," Hematológia a transfuziológia, Klinická imunológia a alergológia",Bratislavsky Kraj,Bratislava 4
"Ambulancia čeľustnej ortopédie, Bratislava-Dúbravka, (MIDA DENT, s.r.o.)",https://www.e-vuc.sk/buxus/generate_page.php?page_id=62189," čeľustná ortopédia, čeľustná ortopédia",Bratislavsky Kraj,Bratislava 4
"Stacionár, nefrológia, Bratislava-Dúbravka, (Impax Trading spol. s r. o.)",https://www.e-vuc.sk/buxus/generate_page.php?page_id=62076, Nefrológia,Bratislavsky Kraj,Bratislava 4
"Ambulancia akupunktúry, Bratislava-Karlova Ves, (MUDr. Tibor Balázs)",https://www.e-vuc.sk/buxus/generate_page.php?page_id=61914, Akupunktúra,Bratislavsky Kraj,Bratislava 4
"Psychiatrická ambulancia, Bratislava-Dev.Nová Ves, (REA - Ambulancia psychiatrie a psychoterapie, s. r. o.)",https://www.e-vuc.sk/buxus/generate_page.php?page_id=61867," Psychiatria, Psychoterapia",Bratislavsky Kraj,Bratislava 4
"Všeobecná ambulancia pre dospelých, Bratislava-Karlova Ves, (MEDICUS PARTNERS, s.r.o.)",https://www.e-vuc.sk/buxus/generate_page.php?page_id=61859, Všeobecné lekárstvo,Bratislavsky Kraj,Bratislava 4
"ADOS, Tatranská, Bratislava-Záhor.Bystr., (ADOS – Nezisková opatrovateľka, n.o)",https://www.e-vuc.sk/buxus/generate_page.php?page_id=61785, Domáca ošetrovateľská starostlivosť,Bratislavsky Kraj,Bratislava 4
"Poliklinika, Staré Grunty, Bratislava-Karlova Ves, (MEDICÍNSKE ZARIADENIE MLYNSKÁ DOLINA, s. r. o.)",https://www.e-vuc.sk/buxus/generate_page.php?page_id=61725,61-47236311-A0021,Bratislavsky Kraj,Bratislava 4
"Poliklinika Karlova Ves, Líščie údolie, Bratislava-Karlova Ves, (Poliklinika Karlova Ves)",https://www.e-vuc.sk/buxus/generate_page.php?page_id=61716,61-17336236-A0012,Bratislavsky Kraj,Bratislava 4
"Ambulancia klinickej imunológie a alergológie, Bratislava-Dúbravka, (Imuline s.r.o.)",https://www.e-vuc.sk/buxus/generate_page.php?page_id=61702, Klinická imunológia a alergológia,Bratislavsky Kraj,Bratislava 4
"Ambulancia zubného lekárstva, Bratislava-Karlova Ves, (Dentinika s. r. o.)",https://www.e-vuc.sk/buxus/generate_page.php?page_id=61685, Zubné lekárstvo,Bratislavsky Kraj,Bratislava 4
"Dermatovenerologická ambulancia, Bratislava-Lamač, (MUDr. Zuzana Schwarczová)",https://www.e-vuc.sk/buxus/generate_page.php?page_id=61653, Dermatovenerológia,Bratislavsky Kraj,Bratislava 4
"Ambulancia zubného lekárstva, Dr. med. dent. Rosa, Bratislava-Karlova Ves, (DENTAL CARE Dr. Rosa, s. r. o.)",https://www.e-vuc.sk/buxus/generate_page.php?page_id=61629, Zubné lekárstvo,Bratislavsky Kraj,Bratislava 4
"Ambulancia zubného lekárstva, MUDr. Agnesa Schmidtová, Bratislava-Dev.Nová Ves, (STOMA JANA s.r.o.)",https://www.e-vuc.sk/buxus/generate_page.php?page_id=61622, Zubné lekárstvo,Bratislavsky Kraj,Bratislava 4
"Ambulancia zubného lekárstva, Bratislava-Karlova Ves, (MUDr. Juraj Koleň)",https://www.e-vuc.sk/buxus/generate_page.php?page_id=61619, Zubné lekárstvo,Bratislavsky Kraj,Bratislava 4
"Všeobecná ambulancia pre dospelých, MUDr. Helena Ivančová, Bratislava-Dúbravka, (Viatica, s. r. o.)",https://www.e-vuc.sk/buxus/generate_page.php?page_id=61612, Všeobecné lekárstvo,Bratislavsky Kraj,Bratislava 4
"Ambulancia zubného lekárstva, MUDr. Ingrid Beznáková, Bratislava-Lamač, (NOVASTOM s.r.o.)",https://www.e-vuc.sk/buxus/generate_page.php?page_id=61615, Zubné lekárstvo,Bratislavsky Kraj,Bratislava 4
"Oftalmologická ambulancia, MUDr. Soňa Oláhová, Bratislava-Dúbravka, (Circulus s.r.o.)",https://www.e-vuc.sk/buxus/generate_page.php?page_id=61606, Oftalmológia,Bratislavsky Kraj,Bratislava 4
"Neurologická ambulancia, Bratislava-Karlova Ves, (MIRAM, s.r.o.)",https://www.e-vuc.sk/buxus/generate_page.php?page_id=61594, Neurológia,Bratislavsky Kraj,Bratislava 4
"Gastroenterologická ambulancia, MUDr. Miriam Šišuláková, Bratislava-Karlova Ves, (Neštátna gastroenterologická ambulacia spol. s r.o.)",https://www.e-vuc.sk/buxus/generate_page.php?page_id=61595," Gastroenterológia, Endoskopická retrográdna cholangiopankreatikografia",Bratislavsky Kraj,Bratislava 4
"Chirurgická ambulancia, MUDr. Novák Pavel, Bratislava-Karlova Ves, (CHIRNOVA, s.r.o.)",https://www.e-vuc.sk/buxus/generate_page.php?page_id=61585, Chirurgia,Bratislavsky Kraj,Bratislava 4
"Všeobecná ambulancia pre dospelých, Bratislava-Karlova Ves, (Oftasan, spol. s r.o.)",https://www.e-vuc.sk/buxus/generate_page.php?page_id=61574, Všeobecné lekárstvo,Bratislavsky Kraj,Bratislava 4
"Gynekologická ambulancia, Bratislava-Dúbravka, (OLYMPEX s.r.o.)",https://www.e-vuc.sk/buxus/generate_page.php?page_id=61568," Gynekológia a pôrodníctvo, Ultrazvuk v gynekológii a pôrodníctve",Bratislavsky Kraj,Bratislava 4
"Ortopedická ambulancia, Bratislava-Karlova Ves, (MUDr. Martin Bandžák)",https://www.e-vuc.sk/buxus/generate_page.php?page_id=61565, Ortopédia,Bratislavsky Kraj,Bratislava 4
"MEDIMAD, sro., Bratislava-Karlova Ves, (MEDIMAD, s.r.o.)",https://www.e-vuc.sk/buxus/generate_page.php?page_id=61562, Endokrinológia,Bratislavsky Kraj,Bratislava 4
"SVaLZ, klinická imunológia a alergológia, Bratislava-Dúbravka, (IMUNO - ALERGO s.r.o.)",https://www.e-vuc.sk/buxus/generate_page.php?page_id=61539, Klinická imunológia a alergológia,Bratislavsky Kraj,Bratislava 4
"Všeobecná ambulancia pre deti a dorast, Bratislava-Karlova Ves, (MUDr. Marta Uhrínová)",https://www.e-vuc.sk/buxus/generate_page.php?page_id=61536, Všeobecná starostlivosť o deti a dorast,Bratislavsky Kraj,Bratislava 4
"Všeobecná ambulancia pre deti a dorast, Bratislava-Karlova Ves, (MUDr. Stanislava Miklánková)",https://www.e-vuc.sk/buxus/generate_page.php?page_id=61527, Všeobecná starostlivosť o deti a dorast,Bratislavsky Kraj,Bratislava 4
"SVaLZ, nukleárna medicína, KUBÁČEK Rastislav, vedúci rádiologický asistent, Bratislava-Karlova Ves, (BIONT, a.s.)",https://www.e-vuc.sk/buxus/generate_page.php?page_id=61521, Nukleárna medicína,Bratislavsky Kraj,Bratislava 4
"Gynekologická ambulancia, MUDr. Emese Jániová, Bratislava-Dúbravka, (KOMA-MED, s.r.o.)",https://www.e-vuc.sk/buxus/generate_page.php?page_id=61516," Gynekológia a pôrodníctvo, Ultrazvuk v gynekológii a pôrodníctve",Bratislavsky Kraj,Bratislava 4
"Všeobecná ambulancia pre dospelých, MUDr. Eva Fellnerová, Bratislava-Dúbravka, (SA-FE AMBULANCIA, s.r.o..)",https://www.e-vuc.sk/buxus/generate_page.php?page_id=61499, Všeobecné lekárstvo,Bratislavsky Kraj,Bratislava 4
"Všeobecná ambulancia pre dospelých, Bratislava-Dúbravka, (AVE VITA, s.r.o.)",https://www.e-vuc.sk/buxus/generate_page.php?page_id=61491, Všeobecné lekárstvo,Bratislavsky Kraj,Bratislava 4
"Ambulancia čeľustnej ortopédie, Bratislava-Karlova Ves, (MUDr. Mária Ditteová)",https://www.e-vuc.sk/buxus/generate_page.php?page_id=61455, čeľustná ortopédia,Bratislavsky Kraj,Bratislava 4
"Ambulancia klinickej logopédie, Bratislava-Karlova Ves, (PaedDr. Júlia Papcová)",https://www.e-vuc.sk/buxus/generate_page.php?page_id=61458, Klinická logopédia,Bratislavsky Kraj,Bratislava 4
"Chirurgická ambulancia, Bratislava-Dúbravka, (MUDr. Ivan Matejčík)",https://www.e-vuc.sk/buxus/generate_page.php?page_id=61383, Chirurgia,Bratislavsky Kraj,Bratislava 4
"Dermatovenerologická ambulancia,  	MUDr. Gabriela Kolátorová, Bratislava-Karlova Ves, (DERMAVITA, s.r.o.)",https://www.e-vuc.sk/buxus/generate_page.php?page_id=61360, Dermatovenerológia,Bratislavsky Kraj,Bratislava 4
"Ambulancia zubného lekárstva, MUDr. Zuzana Kollárová, Bratislava-Dev.Nová Ves, (MUDr. Zuzana Kollárová;)",https://www.e-vuc.sk/buxus/generate_page.php?page_id=61334, Zubné lekárstvo,Bratislavsky Kraj,Bratislava 4
"Ambulancia klinickej logopédie, Bratislava-Karlova Ves, (PaedDr. Erika Grambličková)",https://www.e-vuc.sk/buxus/generate_page.php?page_id=61295, Klinická logopédia,Bratislavsky Kraj,Bratislava 4
"Geriatrická ambulancia, MUDr. Jaroslava Schichorová, Bratislava-Karlova Ves, (PANAKEIA, s.r.o.)",https://www.e-vuc.sk/buxus/generate_page.php?page_id=61292, Geriatria,Bratislavsky Kraj,Bratislava 4
"Ambulancia zubného lekárstva, Bratislava-Dúbravka, (MUDr. Terézia Roštárová)",https://www.e-vuc.sk/buxus/generate_page.php?page_id=61294, Zubné lekárstvo,Bratislavsky Kraj,Bratislava 4
"Ambulancia zubného lekárstva, Bratislava-Karlova Ves, (MUDr. Anna Hobinková)",https://www.e-vuc.sk/buxus/generate_page.php?page_id=61284, Zubné lekárstvo,Bratislavsky Kraj,Bratislava 4
"Ambulancia zubného lekárstva, Bratislava-Záhor.Bystr., (Ambulancia Strmý vŕšok s.r.o.)",https://www.e-vuc.sk/buxus/generate_page.php?page_id=61264, Zubné lekárstvo,Bratislavsky Kraj,Bratislava 4
"Ambulancia zubného lekárstva, MUDr. František Lašák, Bratislava-Karlova Ves, (MUDr. František Lašák)",https://www.e-vuc.sk/buxus/generate_page.php?page_id=61214, Zubné lekárstvo,Bratislavsky Kraj,Bratislava 4
"Všeobecná ambulancia pre deti a dorast, MUDr. Elena Prokopová, Bratislava-Dev.Nová Ves, (PRO BABY s.r.o.)",https://www.e-vuc.sk/buxus/generate_page.php?page_id=61204," Všeobecná starostlivosť o deti a dorast, Dorastové lekárstvo",Bratislavsky Kraj,Bratislava 4
"Všeobecná ambulancia pre deti a dorast, MUDr. Lívia Baumannová, Bratislava-Dev.Nová Ves, (NADA BABY s.r.o.)",https://www.e-vuc.sk/buxus/generate_page.php?page_id=61188, Všeobecná starostlivosť o deti a dorast,Bratislavsky Kraj,Bratislava 4
"Všeobecná ambulancia pre dospelých, MUDr. Martina Vaľková, PhD., Bratislava-Karlova Ves, (MediPrevent s.r.o.)",https://www.e-vuc.sk/buxus/generate_page.php?page_id=61163, Všeobecné lekárstvo,Bratislavsky Kraj,Bratislava 4
"Ambulancia zubného lekárstva, Bratislava-Dúbravka, (MUDr. Kristina Barančoková)",https://www.e-vuc.sk/buxus/generate_page.php?page_id=61134, Zubné lekárstvo,Bratislavsky Kraj,Bratislava 4
"Otorinolaryngologická ambulancia, Bratislava-Dúbravka, (ORL MED centrum, s.r.o.)",https://www.e-vuc.sk/buxus/generate_page.php?page_id=61131, Otorinolaryngológia,Bratislavsky Kraj,Bratislava 4
"Otorinolaryngologická ambulancia, Bratislava-Karlova Ves, (SULIS, s.r.o.)",https://www.e-vuc.sk/buxus/generate_page.php?page_id=61125, Otorinolaryngológia,Bratislavsky Kraj,Bratislava 4
"Pneumologicko-ftizeologická ambulancia, Bratislava-Dev.Nová Ves, (Centrum imunológie a alergológie, s.r.o.)",https://www.e-vuc.sk/buxus/generate_page.php?page_id=61123, Pneumológia a ftizeológia,Bratislavsky Kraj,Bratislava 4
"Oftalmologická ambulancia, MUDr. Dana Keblúšková, Bratislava-Karlova Ves, (D.A.D. med. s.r.o.)",https://www.e-vuc.sk/buxus/generate_page.php?page_id=61119, Oftalmológia,Bratislavsky Kraj,Bratislava 4
"Všeobecná ambulancia pre deti a dorast, MUDr. Viera Marešová, Bratislava-Dúbravka, (MED-MAR, s.r.o.)",https://www.e-vuc.sk/buxus/generate_page.php?page_id=61085, Všeobecná starostlivosť o deti a dorast,Bratislavsky Kraj,Bratislava 4
"Poliklinika  Karlovas Ves, Líščie údolie 57, 84231 Bratislava, Bratislava-Karlova Ves, (SOMED s.r.o.)",https://www.e-vuc.sk/buxus/generate_page.php?page_id=61065, Všeobecné lekárstvo,Bratislavsky Kraj,Bratislava 4
"Všeobecná ambulancia pre dospelých, MUDr. Darina Gajdošová, Bratislava-Karlova Ves, (MUDr. Darina Gajdošová)",https://www.e-vuc.sk/buxus/generate_page.php?page_id=61061, Všeobecné lekárstvo,Bratislavsky Kraj,Bratislava 4
"Ambulancia zubného lekárstva, Bratislava-Karlova Ves, (MUDr. Stanislav Petrík)",https://www.e-vuc.sk/buxus/generate_page.php?page_id=61059, Zubné lekárstvo,Bratislavsky Kraj,Bratislava 4
"Ambulancia zubného lekárstva, Bratislava-Karlova Ves, (MUDr. Daniela Stanislavová)",https://www.e-vuc.sk/buxus/generate_page.php?page_id=61046, Zubné lekárstvo,Bratislavsky Kraj,Bratislava 4
"Ambulancia zubného lekárstva, Bratislava-Karlova Ves, (MC Orthodontics s.r.o.)",https://www.e-vuc.sk/buxus/generate_page.php?page_id=61044, Zubné lekárstvo,Bratislavsky Kraj,Bratislava 4
"Všeobecná ambulancia pre dospelých, MUDr. Beata Maníková, Bratislava-Dúbravka, (Med Prax, s.r.o.)",https://www.e-vuc.sk/buxus/generate_page.php?page_id=61039, Všeobecné lekárstvo,Bratislavsky Kraj,Bratislava 4
"Všeobecná ambulancia pre dospelých, Bratislava-Dev.Nová Ves, (MUDr. Igor Guliš)",https://www.e-vuc.sk/buxus/generate_page.php?page_id=61030, Všeobecné lekárstvo,Bratislavsky Kraj,Bratislava 4
"Ortopedická ambulancia, MUDr.Viliam Šarlina, Bratislava-Dúbravka, (MUDr. Viliam Šarlina)",https://www.e-vuc.sk/buxus/generate_page.php?page_id=61008,!,Bratislavsky Kraj,Bratislava 4
"Všeobecná ambulancia pre deti a dorast, Bratislava-Karlova Ves, (MUDr. František Pisarčík)",https://www.e-vuc.sk/buxus/generate_page.php?page_id=61000, Všeobecná starostlivosť o deti a dorast,Bratislavsky Kraj,Bratislava 4
"Ambulancia klinickej imunológie a alergológie, Bratislava-Záhor.Bystr., (IMUNO & ALERGOmed s.r.o.)",https://www.e-vuc.sk/buxus/generate_page.php?page_id=60996, Klinická imunológia a alergológia,Bratislavsky Kraj,Bratislava 4
"Chirurgická ambulancia, Bratislava-Karlova Ves, (MUDr. Jana Dekyská)",https://www.e-vuc.sk/buxus/generate_page.php?page_id=60993, Chirurgia,Bratislavsky Kraj,Bratislava 4
"Ambulancia klinickej imunológie a alergológie, Bratislava-Karlova Ves, (MUDr. Tatiana Babalová)",https://www.e-vuc.sk/buxus/generate_page.php?page_id=60988, Klinická imunológia a alergológia,Bratislavsky Kraj,Bratislava 4
"Ambulancia zubného lekárstva, MUDr. Iva Cikraiová, Bratislava-Dúbravka, (MUDr. Iva Cikraiová)",https://www.e-vuc.sk/buxus/generate_page.php?page_id=60970, Zubné lekárstvo,Bratislavsky Kraj,Bratislava 4
"Všeobecná ambulancia pre dospelých, MUDr. Martina Rutaiová, Bratislava-Dev.Nová Ves, (Všeobecný lekár DNV, s.r.o.)",https://www.e-vuc.sk/buxus/generate_page.php?page_id=60949, Všeobecné lekárstvo,Bratislavsky Kraj,Bratislava 4
"Stacionár, fyziatria, balneológia a liečebná rehabilitácia, MUDr.Stanislava Klobucká, PhD., Bratislava-Dúbravka, (Rehabilitačné centrum - HARMONY, n.o.)",https://www.e-vuc.sk/buxus/generate_page.php?page_id=60950," Fyziatria, balneológia a liečebná rehabilitácia",Bratislavsky Kraj,Bratislava 4
"Gynekologická ambulancia, MUDr.Adriana Smreková, Bratislava-Dev.Nová Ves, (MED FEMINA s.r.o.)",https://www.e-vuc.sk/buxus/generate_page.php?page_id=60951, Gynekológia a pôrodníctvo,Bratislavsky Kraj,Bratislava 4
"Gynekologická ambulancia, MUDr. Miroslava Zahradníková, Bratislava-Karlova Ves, (HORTULANUS s.r.o.)",https://www.e-vuc.sk/buxus/generate_page.php?page_id=60946, Gynekológia a pôrodníctvo,Bratislavsky Kraj,Bratislava 4
"Neurologická ambulancia, MUDr. Viera Mayerová, Bratislava-Dúbravka, (NEU-MED, s.r.o.)",https://www.e-vuc.sk/buxus/generate_page.php?page_id=60929, Neurológia,Bratislavsky Kraj,Bratislava 4
"Všeobecná ambulancia pre deti a dorast, Dlhé Diely, Bratislava-Karlova Ves, (Medical Art s.r.o.)",https://www.e-vuc.sk/buxus/generate_page.php?page_id=60918, Všeobecná starostlivosť o deti a dorast,Bratislavsky Kraj,Bratislava 4
"Všeobecná ambulancia pre dospelých, MUDr. Lucia Mariničová, Bratislava-Karlova Ves, (MM AMBULANCIA, s.r.o.)",https://www.e-vuc.sk/buxus/generate_page.php?page_id=60912, Všeobecné lekárstvo,Bratislavsky Kraj,Bratislava 4
"DERMA junior, Bratislava-Karlova Ves, (DERMA junior, s.r.o.)",https://www.e-vuc.sk/buxus/generate_page.php?page_id=60914, Dermatovenerológia,Bratislavsky Kraj,Bratislava 4
"Urologická ambulancia, Bratislava-Karlova Ves, (BB MEDICAL s.r.o.)",https://www.e-vuc.sk/buxus/generate_page.php?page_id=60904, Urológia,Bratislavsky Kraj,Bratislava 4
"Angiologická ambulancia, Bratislava-Karlova Ves, (LION - MED s.r.o.)",https://www.e-vuc.sk/buxus/generate_page.php?page_id=60871, Angiológia,Bratislavsky Kraj,Bratislava 4
"Ambulancia zubného lekárstva, MUDr. Gabriela Alexandrová, Bratislava-Karlova Ves, (Orthoalex s.r.o.)",https://www.e-vuc.sk/buxus/generate_page.php?page_id=60840, Zubné lekárstvo,Bratislavsky Kraj,Bratislava 4
"FamilyOrtho,s.r.o., Bratislava-Karlova Ves, (FamilyOrtho, s. r. o.)",https://www.e-vuc.sk/buxus/generate_page.php?page_id=60841, Zubné lekárstvo,Bratislavsky Kraj,Bratislava 4
"Ambulancia zubného lekárstva, Bratislava-Dúbravka, (ANTALDENT s. r. o.)",https://www.e-vuc.sk/buxus/generate_page.php?page_id=60829, Zubné lekárstvo,Bratislavsky Kraj,Bratislava 4
"Všeobecná ambulancia pre deti a dorast, Bratislava-Lamač, (MUDr. Mária Ďurmanová)",https://www.e-vuc.sk/buxus/generate_page.php?page_id=60796," Všeobecná starostlivosť o deti a dorast, Dorastové lekárstvo",Bratislavsky Kraj,Bratislava 4
"Ambulancia zubného lekárstva, Bratislava-Dúbravka, (AMI-DENT s. r. o.)",https://www.e-vuc.sk/buxus/generate_page.php?page_id=60771, Zubné lekárstvo,Bratislavsky Kraj,Bratislava 4
"Ambulancia zubného lekárstva, MDDr. Veronika Csemanová, Bratislava-Dúbravka, (STOMAKODENT s. r. o.)",https://www.e-vuc.sk/buxus/generate_page.php?page_id=60772, Zubné lekárstvo,Bratislavsky Kraj,Bratislava 4
"Všeobecná ambulancia pre dospelých, Bratislava-Karlova Ves, (MUDr. Sýkorová Silvia, s. r. o.)",https://www.e-vuc.sk/buxus/generate_page.php?page_id=60765, Všeobecné lekárstvo,Bratislavsky Kraj,Bratislava 4
"Oftalmologická ambulancia, Bratislava-Karlova Ves, (EXCIMER spol. s r.o.)",https://www.e-vuc.sk/buxus/generate_page.php?page_id=60767, Oftalmológia,Bratislavsky Kraj,Bratislava 4
"Ambulancia klinickej psychológie, Bratislava-Dúbravka, (ALMA Centrum pre zdravý vývin, s. r. o.)",https://www.e-vuc.sk/buxus/generate_page.php?page_id=60769," Klinická psychológia, Psychoterapia",Bratislavsky Kraj,Bratislava 4
"Ambulancia zubného lekárstva, Bratislava-Karlova Ves, (DURADENT s. r. o.)",https://www.e-vuc.sk/buxus/generate_page.php?page_id=60753, Zubné lekárstvo,Bratislavsky Kraj,Bratislava 4
"Ambulancia akupunktúry, Bratislava-Karlova Ves, (WAMED s.r.o.)",https://www.e-vuc.sk/buxus/generate_page.php?page_id=60746, Akupunktúra,Bratislavsky Kraj,Bratislava 4
"SVaLZ, klinická biochémia, Bratislava-Dúbravka, (Vita-Test spol. s r.o.)",https://www.e-vuc.sk/buxus/generate_page.php?page_id=60747, Klinická biochémia,Bratislavsky Kraj,Bratislava 4
"Ambulancia zubného lekárstva, Dr. med. dent. Peter Lehotský, Bratislava-Karlova Ves, (DELTA med, spol. s r.o.)",https://www.e-vuc.sk/buxus/generate_page.php?page_id=60736," Zubné lekárstvo, Dentoalveolárna chirurgia, Implantológia",Bratislavsky Kraj,Bratislava 4
"Všeobecná ambulancia pre deti a dorast, Bratislava-Dúbravka, (INFAMED, spol. s r.o.)",https://www.e-vuc.sk/buxus/generate_page.php?page_id=60729, Všeobecná starostlivosť o deti a dorast,Bratislavsky Kraj,Bratislava 4
"Ambulancia diabetológie a porúch látkovej premeny a výživy, MUDr. Žak, Bratislava-Karlova Ves, (BEMI Export Group spol. s r.o.)",https://www.e-vuc.sk/buxus/generate_page.php?page_id=60716," Diabetológia, poruchy látkovej premeny a výživy",Bratislavsky Kraj,Bratislava 4
"Ambulancia zubného lekárstva, Bratislava-Lamač, (MUDr. Jana Straková)",https://www.e-vuc.sk/buxus/generate_page.php?page_id=60698,!,Bratislavsky Kraj,Bratislava 4
"Všeobecná ambulancia pre dospelých, MUDr. Marta Fleischerová, Bratislava-Dev.Nová Ves, (FaMa Med s. r. o.)",https://www.e-vuc.sk/buxus/generate_page.php?page_id=60684, Všeobecné lekárstvo,Bratislavsky Kraj,Bratislava 4
"Všeobecná ambulancia pre deti a dorast, MUDr. Karin Valdnerová, Bratislava-Dev.Nová Ves, (BABY CARE s. r. o.)",https://www.e-vuc.sk/buxus/generate_page.php?page_id=60667, Všeobecná starostlivosť o deti a dorast,Bratislavsky Kraj,Bratislava 4
"Ambulancia zubného lekárstva, Bratislava-Lamač, (MUDr. Tatiana Sokolová)",https://www.e-vuc.sk/buxus/generate_page.php?page_id=60656, Zubné lekárstvo,Bratislavsky Kraj,Bratislava 4
"Ambulancia klinickej logopédie, Bratislava-Karlova Ves, (Excellent Com, s.r.o.)",https://www.e-vuc.sk/buxus/generate_page.php?page_id=60652, Klinická logopédia,Bratislavsky Kraj,Bratislava 4
"Ambulancia zubného lekárstva, Bratislava-Dúbravka, (MUDr. Peter Raček)",https://www.e-vuc.sk/buxus/generate_page.php?page_id=60647, Zubné lekárstvo,Bratislavsky Kraj,Bratislava 4
"Gynekologická ambulancia, MUDr. Veronika Gáboriková, Bratislava-Karlova Ves, (ZUNAGYN s.r.o.)",https://www.e-vuc.sk/buxus/generate_page.php?page_id=60648, Gynekológia a pôrodníctvo,Bratislavsky Kraj,Bratislava 4
"Ambulancia zubného lekárstva, Bratislava-Karlova Ves, (MUDr. Magdaléna Muráňová s.r.o.)",https://www.e-vuc.sk/buxus/generate_page.php?page_id=60607, Zubné lekárstvo,Bratislavsky Kraj,Bratislava 4
"Ambulancia klinickej psychológie, Bratislava-Karlova Ves, (MUDr. Viera Sýkorová)",https://www.e-vuc.sk/buxus/generate_page.php?page_id=60590," Klinická psychológia, Dopravná psychológia",Bratislavsky Kraj,Bratislava 4
"BeneDerma sro, Dermatovenerologická ambulancia, Bratislava-Dúbravka, (BeneDerma s. r. o.)",https://www.e-vuc.sk/buxus/generate_page.php?page_id=60560, Dermatovenerológia,Bratislavsky Kraj,Bratislava 4
"Ambulancia pediatrickej kardiológie, MUDr. Marcela Ivanová, Bratislava-Karlova Ves, (CENTRUM MLADÉ SRDCE s.r.o.)",https://www.e-vuc.sk/buxus/generate_page.php?page_id=60546," Pediatrická kardiológia, Dorastové lekárstvo",Bratislavsky Kraj,Bratislava 4
"Ambulancia zubného lekárstva, Bratislava-Karlova Ves, (DentiClinic s. r. o.)",https://www.e-vuc.sk/buxus/generate_page.php?page_id=60532, Zubné lekárstvo,Bratislavsky Kraj,Bratislava 4
"Všeobecná ambulancia pre deti a dorast, MUDr. Beata Kartousová, Bratislava-Lamač, (Detská ambulancia Motýlik s. r. o.)",https://www.e-vuc.sk/buxus/generate_page.php?page_id=60533, Všeobecná starostlivosť o deti a dorast,Bratislavsky Kraj,Bratislava 4
"Ambulancia zubného lekárstva, Bratislava-Karlova Ves, (HOLDENT s.r.o.)",https://www.e-vuc.sk/buxus/generate_page.php?page_id=60530, Zubné lekárstvo,Bratislavsky Kraj,Bratislava 4
"Ambulancia vnútorného lekárstva, Bratislava-Dev.Nová Ves, (KARDIO-SANUS, spol. s r.o.)",https://www.e-vuc.sk/buxus/generate_page.php?page_id=60525, Vnútorné lekárstvo,Bratislavsky Kraj,Bratislava 4
"Ambulancia zubného lekárstva, Bratislava-Karlova Ves, (Dentio, s. r. o.)",https://www.e-vuc.sk/buxus/generate_page.php?page_id=60520, Zubné lekárstvo,Bratislavsky Kraj,Bratislava 4
"Všeobecná ambulancia pre deti a dorast, Bratislava-Dúbravka, (NAŠA DOKTORKA s.r.o.)",https://www.e-vuc.sk/buxus/generate_page.php?page_id=60425, Všeobecná starostlivosť o deti a dorast,Bratislavsky Kraj,Bratislava 4
"Ambulancia pediatrickej chirurgie, Bratislava-Karlova Ves, (VidMed s. r. o)",https://www.e-vuc.sk/buxus/generate_page.php?page_id=60423," Chirurgia, Detská chirurgia",Bratislavsky Kraj,Bratislava 4
"Ambulancia zubného lekárstva, Bratislava-Karlova Ves, (STOMA PRO, s. r. o.)",https://www.e-vuc.sk/buxus/generate_page.php?page_id=60420, Zubné lekárstvo,Bratislavsky Kraj,Bratislava 4
"Psychiatrická ambulancia, Bratislava-Dúbravka, (ASTEROID s.r.o.)",https://www.e-vuc.sk/buxus/generate_page.php?page_id=60396, Psychiatria,Bratislavsky Kraj,Bratislava 4
"Všeobecná ambulancia pre dospelých, Bratislava-Dúbravka, (MUDr. Darina Šteffeková s.r.o.)",https://www.e-vuc.sk/buxus/generate_page.php?page_id=60397, Všeobecné lekárstvo,Bratislavsky Kraj,Bratislava 4
"Gynekologická ambulancia, Bratislava-Lamač, (A GYN s. r. o.)",https://www.e-vuc.sk/buxus/generate_page.php?page_id=60364," Gynekológia a pôrodníctvo, Materno-fetálna medicína, Ultrazvuk v gynekológii a pôrodníctve",Bratislavsky Kraj,Bratislava 4
"Ambulancia zubného lekárstva, MUDr. Lucia Trgalová, Bratislava-Dúbravka, (DarioDent s. r. o.)",https://www.e-vuc.sk/buxus/generate_page.php?page_id=60348, Zubné lekárstvo,Bratislavsky Kraj,Bratislava 4
"Všeobecná ambulancia pre dospelých, Bratislava-Dúbravka, (Care Med, s.r.o.)",https://www.e-vuc.sk/buxus/generate_page.php?page_id=60343, Všeobecné lekárstvo,Bratislavsky Kraj,Bratislava 4
"Ambulancia vnútorného lekárstva, Bratislava-Dúbravka, (INTERNA - MED s. r. o.)",https://www.e-vuc.sk/buxus/generate_page.php?page_id=60310, Vnútorné lekárstvo,Bratislavsky Kraj,Bratislava 4
"Oftalmologická ambulancia, Bratislava-Karlova Ves, (Zrakové centrum - Vision Care spol. s r. o.)",https://www.e-vuc.sk/buxus/generate_page.php?page_id=60302, Oftalmológia,Bratislavsky Kraj,Bratislava 4
"Ambulancia zubného lekárstva, Bratislava-Dúbravka, (D + D, spol. s r.o.)",https://www.e-vuc.sk/buxus/generate_page.php?page_id=60284, Zubné lekárstvo,Bratislavsky Kraj,Bratislava 4
"Ambulancia dentálnej hygieny, Bratislava-Dev.Nová Ves, (Zuzana Kopčová)",https://www.e-vuc.sk/buxus/generate_page.php?page_id=60271, Dentálna hygiena,Bratislavsky Kraj,Bratislava 4
"Ambulancia zubného lekárstva, MDDr. Juraj Gabalec, Bratislava-Karlova Ves, (KADent, s. r. o.)",https://www.e-vuc.sk/buxus/generate_page.php?page_id=60274, Zubné lekárstvo,Bratislavsky Kraj,Bratislava 4
"Otorinolaryngologická ambulancia, MUDr. Lenka Buchelová, Bratislava-Dúbravka, (MEDICOR ORL s. r. o.)",https://www.e-vuc.sk/buxus/generate_page.php?page_id=60260," Otorinolaryngológia, Pediatrická otorinolaryngológia",Bratislavsky Kraj,Bratislava 4
"Ambulancia zubného lekárstva, Bratislava-Dúbravka, (MUDr. Juraj Bilka)",https://www.e-vuc.sk/buxus/generate_page.php?page_id=60240, Zubné lekárstvo,Bratislavsky Kraj,Bratislava 4
"Gynekologická ambulancia, MUDr. Andrej Karkalík, PhD., Bratislava-Dúbravka, (KSAR MED, s.r.o.)",https://www.e-vuc.sk/buxus/generate_page.php?page_id=60207," Gynekológia a pôrodníctvo, Ultrazvuk v gynekológii a pôrodníctve",Bratislavsky Kraj,Bratislava 4
"Všeobecná ambulancia pre dospelých, Bratislava-Karlova Ves, (STAMED, s.r.o.)",https://www.e-vuc.sk/buxus/generate_page.php?page_id=60202, Všeobecné lekárstvo,Bratislavsky Kraj,Bratislava 4
"Ambulancia zubného lekárstva, Bratislava-Dúbravka, (AbsolutDent s. r. o.)",https://www.e-vuc.sk/buxus/generate_page.php?page_id=60171, Zubné lekárstvo,Bratislavsky Kraj,Bratislava 4
"Urologická ambulancia, MUDr.Milan Šobek, Bratislava-Dev.Nová Ves, (JESENIUS 07, s.r.o.)",https://www.e-vuc.sk/buxus/generate_page.php?page_id=60167," Urológia, Onkológia v urológii",Bratislavsky Kraj,Bratislava 4
"Oftalmologická ambulancia, Bratislava-Dúbravka, (DuOfta s. r. o.)",https://www.e-vuc.sk/buxus/generate_page.php?page_id=60159, Oftalmológia,Bratislavsky Kraj,Bratislava 4
